Employee_ID,Promotion_Base_Readiness_Score_pct,Transfer_Base_Readiness_Score_pct,Reskilling_Base_Readiness_Score_pct,Reskilling_Need_Score_pct,Current_Role_Skill_Coverage_pct,Current_Role_Mandatory_Skill_Coverage_pct,Current_Role_Skill_Gap_Count,Current_Role_Mandatory_Gap_Count,Cross_Functional_Exposure_Score_pct,Overtime_Load_pct,Attendance_Availability_pct,Simulation_Feature_Version,Source_Data_As_Of_Date,Feature_Source
EMP001,92.15,90.87,89.21,8.0,80.0,100.0,1,0,81.25,2.31,100.0,1.0,2026-08-01,DERIVED_FROM_EXISTING_HR_DATA
EMP002,94.89,81.37,88.79,0.0,100.0,100.0,0,0,25.0,4.62,100.0,1.0,2026-08-01,DERIVED_FROM_EXISTING_HR_DATA
EMP003,95.65,81.0,66.82,36.0,60.0,66.67,2,1,18.75,0.0,96.9,1.0,2026-08-01,DERIVED_FROM_EXISTING_HR_DATA
EMP004,95.91,80.72,80.78,0.0,100.0,100.0,0,0,18.75,18.48,96.9,1.0,2026-08-01,DERIVED_FROM_EXISTING_HR_DATA
EMP005,66.93,45.22,41.22,72.0,25.0,33.33,4,2,0.0,8.08,98.4,1.0,2026-08-01,DERIVED_FROM_EXISTING_HR_DATA
EMP006,90.4,77.14,72.41,0.0,100.0,100.0,0,0,37.5,19.05,96.9,1.0,2026-08-01,DERIVED_FROM_EXISTING_HR_DATA
EMP007,89.36,71.74,61.9,36.0,55.0,66.67,2,1,12.5,12.7,100.0,1.0,2026-08-01,DERIVED_FROM_EXISTING_HR_DATA
EMP008,87.78,74.34,86.48,36.0,55.0,66.67,2,1,31.25,7.51,100.0,1.0,2026-08-01,DERIVED_FROM_EXISTING_HR_DATA
EMP009,93.14,86.64,86.32,0.0,100.0,100.0,0,0,56.25,14.43,100.0,1.0,2026-08-01,DERIVED_FROM_EXISTING_HR_DATA
EMP010,94.12,82.03,82.32,56.0,55.0,33.33,2,2,31.25,12.7,98.4,1.0,2026-08-01,DERIVED_FROM_EXISTING_HR_DATA
EMP011,92.02,94.64,93.72,28.0,75.0,66.67,1,1,100.0,4.04,98.4,1.0,2026-08-01,DERIVED_FROM_EXISTING_HR_DATA
EMP012,91.62,90.36,84.82,0.0,100.0,100.0,0,0,81.25,16.17,98.4,1.0,2026-08-01,DERIVED_FROM_EXISTING_HR_DATA
EMP013,96.59,84.94,84.65,0.0,100.0,100.0,0,0,37.5,8.08,98.5,1.0,2026-08-01,DERIVED_FROM_EXISTING_HR_DATA
EMP014,93.56,81.58,86.93,36.0,60.0,66.67,2,1,25.0,6.35,100.0,1.0,2026-08-01,DERIVED_FROM_EXISTING_HR_DATA
EMP015,92.14,84.72,90.79,28.0,75.0,66.67,1,1,50.0,8.08,100.0,1.0,2026-08-01,DERIVED_FROM_EXISTING_HR_DATA
EMP016,69.59,49.08,40.32,72.0,25.0,33.33,4,2,25.0,17.32,96.9,1.0,2026-08-01,DERIVED_FROM_EXISTING_HR_DATA
EMP017,95.42,80.28,62.78,8.0,80.0,100.0,1,0,18.75,23.09,96.9,1.0,2026-08-01,DERIVED_FROM_EXISTING_HR_DATA
EMP018,88.1,75.36,50.36,100.0,0.0,0.0,5,3,37.5,16.74,98.4,1.0,2026-08-01,DERIVED_FROM_EXISTING_HR_DATA
EMP019,95.76,81.81,82.17,28.0,80.0,66.67,1,1,25.0,10.39,95.1,1.0,2026-08-01,DERIVED_FROM_EXISTING_HR_DATA
EMP020,90.16,70.96,58.28,64.0,35.0,33.33,3,2,6.25,11.55,100.0,1.0,2026-08-01,DERIVED_FROM_EXISTING_HR_DATA
EMP021,85.03,68.93,57.65,72.0,25.0,33.33,4,2,6.25,12.12,100.0,1.0,2026-08-01,DERIVED_FROM_EXISTING_HR_DATA
EMP022,93.01,81.35,68.11,56.0,55.0,33.33,2,2,31.25,8.66,96.8,1.0,2026-08-01,DERIVED_FROM_EXISTING_HR_DATA
EMP023,83.78,68.57,53.39,72.0,25.0,33.33,4,2,6.25,20.79,96.7,1.0,2026-08-01,DERIVED_FROM_EXISTING_HR_DATA
EMP024,90.06,73.31,60.68,64.0,35.0,33.33,3,2,18.75,11.55,96.9,1.0,2026-08-01,DERIVED_FROM_EXISTING_HR_DATA
EMP025,92.68,80.34,64.29,36.0,60.0,66.67,2,1,18.75,17.32,100.0,1.0,2026-08-01,DERIVED_FROM_EXISTING_HR_DATA
EMP026,68.48,51.6,32.37,100.0,0.0,0.0,5,3,43.75,15.59,96.9,1.0,2026-08-01,DERIVED_FROM_EXISTING_HR_DATA
EMP027,85.99,73.58,51.46,36.0,60.0,66.67,2,1,37.5,26.56,96.8,1.0,2026-08-01,DERIVED_FROM_EXISTING_HR_DATA
EMP028,93.69,82.49,78.73,0.0,100.0,100.0,0,0,37.5,20.79,95.2,1.0,2026-08-01,DERIVED_FROM_EXISTING_HR_DATA
EMP029,92.24,79.39,65.55,64.0,35.0,33.33,3,2,18.75,21.94,98.4,1.0,2026-08-01,DERIVED_FROM_EXISTING_HR_DATA
EMP030,95.48,91.74,87.09,0.0,100.0,100.0,0,0,75.0,4.62,98.4,1.0,2026-08-01,DERIVED_FROM_EXISTING_HR_DATA
EMP031,92.71,85.58,87.66,0.0,100.0,100.0,0,0,43.75,4.62,98.4,1.0,2026-08-01,DERIVED_FROM_EXISTING_HR_DATA
EMP032,87.01,70.04,57.04,64.0,30.0,33.33,3,2,12.5,10.97,100.0,1.0,2026-08-01,DERIVED_FROM_EXISTING_HR_DATA
EMP033,95.51,79.46,65.59,28.0,75.0,66.67,1,1,12.5,16.17,100.0,1.0,2026-08-01,DERIVED_FROM_EXISTING_HR_DATA
EMP034,87.04,70.01,54.03,72.0,25.0,33.33,4,2,12.5,12.7,100.0,1.0,2026-08-01,DERIVED_FROM_EXISTING_HR_DATA
EMP035,88.97,73.63,58.43,44.0,50.0,66.67,3,1,25.0,15.01,98.4,1.0,2026-08-01,DERIVED_FROM_EXISTING_HR_DATA
EMP036,69.54,47.24,52.52,36.0,60.0,66.67,2,1,6.25,8.08,98.4,1.0,2026-08-01,DERIVED_FROM_EXISTING_HR_DATA
EMP037,87.78,73.14,55.02,64.0,35.0,33.33,3,2,25.0,10.97,98.4,1.0,2026-08-01,DERIVED_FROM_EXISTING_HR_DATA
EMP038,94.38,83.66,77.11,8.0,80.0,100.0,1,0,37.5,27.14,100.0,1.0,2026-08-01,DERIVED_FROM_EXISTING_HR_DATA
EMP039,86.99,71.33,56.57,56.0,55.0,33.33,2,2,12.5,12.7,100.0,1.0,2026-08-01,DERIVED_FROM_EXISTING_HR_DATA
EMP040,88.15,72.04,55.66,64.0,35.0,33.33,3,2,18.75,16.74,100.0,1.0,2026-08-01,DERIVED_FROM_EXISTING_HR_DATA
EMP041,85.1,69.56,54.17,100.0,0.0,0.0,5,3,12.5,17.32,98.5,1.0,2026-08-01,DERIVED_FROM_EXISTING_HR_DATA
EMP042,88.51,77.18,73.46,36.0,60.0,66.67,2,1,43.75,16.74,96.8,1.0,2026-08-01,DERIVED_FROM_EXISTING_HR_DATA
EMP043,88.27,73.04,56.97,36.0,55.0,66.67,2,1,25.0,26.56,98.4,1.0,2026-08-01,DERIVED_FROM_EXISTING_HR_DATA
EMP044,95.61,83.33,79.34,36.0,70.0,66.67,2,1,31.25,10.97,100.0,1.0,2026-08-01,DERIVED_FROM_EXISTING_HR_DATA
EMP045,95.85,79.17,68.9,0.0,100.0,100.0,0,0,12.5,22.52,95.1,1.0,2026-08-01,DERIVED_FROM_EXISTING_HR_DATA
EMP046,88.3,70.23,56.2,44.0,50.0,66.67,3,1,6.25,14.43,100.0,1.0,2026-08-01,DERIVED_FROM_EXISTING_HR_DATA
EMP047,89.79,75.5,80.59,28.0,75.0,66.67,1,1,31.25,5.77,100.0,1.0,2026-08-01,DERIVED_FROM_EXISTING_HR_DATA
EMP048,87.05,69.83,56.92,92.0,10.0,0.0,4,3,12.5,35.22,93.8,1.0,2026-08-01,DERIVED_FROM_EXISTING_HR_DATA
EMP049,91.43,76.04,62.41,84.0,30.0,0.0,3,3,12.5,22.52,96.8,1.0,2026-08-01,DERIVED_FROM_EXISTING_HR_DATA
EMP050,82.11,68.22,53.6,100.0,0.0,0.0,5,3,6.25,8.08,98.5,1.0,2026-08-01,DERIVED_FROM_EXISTING_HR_DATA
EMP051,95.34,91.9,83.7,28.0,80.0,66.67,1,1,75.0,12.7,100.0,1.0,2026-08-01,DERIVED_FROM_EXISTING_HR_DATA
EMP052,86.5,70.24,55.22,100.0,0.0,0.0,5,3,12.5,14.43,100.0,1.0,2026-08-01,DERIVED_FROM_EXISTING_HR_DATA
EMP053,86.54,69.26,62.93,44.0,45.0,66.67,3,1,6.25,0.0,100.0,1.0,2026-08-01,DERIVED_FROM_EXISTING_HR_DATA
EMP054,92.44,77.19,66.32,0.0,100.0,100.0,0,0,6.25,17.32,96.7,1.0,2026-08-01,DERIVED_FROM_EXISTING_HR_DATA
EMP055,86.69,72.38,54.97,72.0,25.0,33.33,4,2,25.0,19.63,96.9,1.0,2026-08-01,DERIVED_FROM_EXISTING_HR_DATA
EMP056,95.65,80.95,79.93,28.0,80.0,66.67,1,1,18.75,13.86,100.0,1.0,2026-08-01,DERIVED_FROM_EXISTING_HR_DATA
EMP057,84.71,68.38,55.74,100.0,0.0,0.0,5,3,6.25,24.83,96.9,1.0,2026-08-01,DERIVED_FROM_EXISTING_HR_DATA
EMP058,86.69,79.78,68.06,92.0,10.0,0.0,4,3,62.5,15.59,98.5,1.0,2026-08-01,DERIVED_FROM_EXISTING_HR_DATA
EMP059,93.29,85.65,80.69,8.0,80.0,100.0,1,0,50.0,15.01,100.0,1.0,2026-08-01,DERIVED_FROM_EXISTING_HR_DATA
EMP060,90.77,76.36,60.11,56.0,55.0,33.33,2,2,6.25,12.12,100.0,1.0,2026-08-01,DERIVED_FROM_EXISTING_HR_DATA
EMP061,87.07,71.26,60.52,44.0,50.0,66.67,3,1,18.75,9.82,100.0,1.0,2026-08-01,DERIVED_FROM_EXISTING_HR_DATA
EMP062,96.56,85.26,88.87,0.0,100.0,100.0,0,0,37.5,3.46,100.0,1.0,2026-08-01,DERIVED_FROM_EXISTING_HR_DATA
EMP063,70.3,47.22,40.3,100.0,0.0,0.0,5,3,12.5,4.04,100.0,1.0,2026-08-01,DERIVED_FROM_EXISTING_HR_DATA
EMP064,93.56,80.36,60.82,8.0,80.0,100.0,1,0,25.0,17.9,98.4,1.0,2026-08-01,DERIVED_FROM_EXISTING_HR_DATA
EMP065,85.93,71.49,53.74,100.0,0.0,0.0,5,3,25.0,13.28,100.0,1.0,2026-08-01,DERIVED_FROM_EXISTING_HR_DATA
EMP066,69.69,52.89,36.88,100.0,0.0,0.0,5,3,43.75,4.04,98.4,1.0,2026-08-01,DERIVED_FROM_EXISTING_HR_DATA
EMP067,85.46,77.78,74.84,8.0,80.0,100.0,1,0,62.5,27.71,92.3,1.0,2026-08-01,DERIVED_FROM_EXISTING_HR_DATA
EMP068,87.59,77.88,85.32,36.0,55.0,66.67,2,1,50.0,0.58,100.0,1.0,2026-08-01,DERIVED_FROM_EXISTING_HR_DATA
EMP069,93.55,77.96,58.41,44.0,45.0,66.67,3,1,12.5,10.97,98.4,1.0,2026-08-01,DERIVED_FROM_EXISTING_HR_DATA
EMP070,84.71,74.72,79.83,64.0,35.0,33.33,3,2,43.75,6.93,95.1,1.0,2026-08-01,DERIVED_FROM_EXISTING_HR_DATA
EMP071,86.84,70.95,52.3,72.0,20.0,33.33,4,2,18.75,20.21,96.7,1.0,2026-08-01,DERIVED_FROM_EXISTING_HR_DATA
EMP072,93.95,86.03,84.0,0.0,100.0,100.0,0,0,50.0,2.31,100.0,1.0,2026-08-01,DERIVED_FROM_EXISTING_HR_DATA
EMP073,64.45,43.69,39.04,100.0,0.0,0.0,5,3,6.25,24.25,95.4,1.0,2026-08-01,DERIVED_FROM_EXISTING_HR_DATA
EMP074,86.46,70.5,53.96,92.0,10.0,0.0,4,3,18.75,19.63,96.8,1.0,2026-08-01,DERIVED_FROM_EXISTING_HR_DATA
EMP075,87.94,73.51,59.81,64.0,35.0,33.33,3,2,25.0,9.82,100.0,1.0,2026-08-01,DERIVED_FROM_EXISTING_HR_DATA
EMP076,88.31,75.85,62.7,92.0,10.0,0.0,4,3,37.5,1.15,100.0,1.0,2026-08-01,DERIVED_FROM_EXISTING_HR_DATA
EMP077,96.29,87.4,89.1,0.0,100.0,100.0,0,0,50.0,9.82,100.0,1.0,2026-08-01,DERIVED_FROM_EXISTING_HR_DATA
EMP078,86.54,70.7,59.61,92.0,10.0,0.0,4,3,12.5,11.55,96.7,1.0,2026-08-01,DERIVED_FROM_EXISTING_HR_DATA
EMP079,68.24,47.01,49.33,64.0,35.0,33.33,3,2,6.25,6.35,98.5,1.0,2026-08-01,DERIVED_FROM_EXISTING_HR_DATA
EMP080,93.58,83.7,95.96,0.0,100.0,100.0,0,0,37.5,9.24,100.0,1.0,2026-08-01,DERIVED_FROM_EXISTING_HR_DATA
EMP081,94.59,90.02,86.73,0.0,100.0,100.0,0,0,68.75,0.0,96.8,1.0,2026-08-01,DERIVED_FROM_EXISTING_HR_DATA
EMP082,86.4,69.38,56.0,100.0,0.0,0.0,5,3,6.25,12.7,100.0,1.0,2026-08-01,DERIVED_FROM_EXISTING_HR_DATA
EMP083,87.69,71.7,58.87,92.0,10.0,0.0,4,3,18.75,17.9,100.0,1.0,2026-08-01,DERIVED_FROM_EXISTING_HR_DATA
EMP084,88.23,72.73,52.76,44.0,45.0,66.67,3,1,25.0,5.77,96.8,1.0,2026-08-01,DERIVED_FROM_EXISTING_HR_DATA
EMP085,89.02,77.66,75.81,84.0,30.0,0.0,3,3,43.75,12.7,98.4,1.0,2026-08-01,DERIVED_FROM_EXISTING_HR_DATA
EMP086,94.67,77.78,61.72,8.0,90.0,100.0,1,0,6.25,13.86,100.0,1.0,2026-08-01,DERIVED_FROM_EXISTING_HR_DATA
EMP087,92.97,88.67,94.48,0.0,100.0,100.0,0,0,68.75,1.73,98.4,1.0,2026-08-01,DERIVED_FROM_EXISTING_HR_DATA
EMP088,96.26,83.84,83.75,0.0,100.0,100.0,0,0,31.25,14.43,100.0,1.0,2026-08-01,DERIVED_FROM_EXISTING_HR_DATA
EMP089,95.17,80.26,63.73,0.0,100.0,100.0,0,0,18.75,12.7,98.4,1.0,2026-08-01,DERIVED_FROM_EXISTING_HR_DATA
EMP090,89.03,73.93,68.84,28.0,75.0,66.67,1,1,25.0,9.24,100.0,1.0,2026-08-01,DERIVED_FROM_EXISTING_HR_DATA
EMP091,93.51,80.2,82.33,28.0,75.0,66.67,1,1,18.75,2.31,100.0,1.0,2026-08-01,DERIVED_FROM_EXISTING_HR_DATA
EMP092,93.26,82.11,80.87,36.0,60.0,66.67,2,1,31.25,15.59,100.0,1.0,2026-08-01,DERIVED_FROM_EXISTING_HR_DATA
EMP093,86.31,82.48,71.66,28.0,80.0,66.67,1,1,75.0,6.35,100.0,1.0,2026-08-01,DERIVED_FROM_EXISTING_HR_DATA
EMP094,69.89,49.8,39.36,92.0,10.0,0.0,4,3,25.0,14.43,98.4,1.0,2026-08-01,DERIVED_FROM_EXISTING_HR_DATA
EMP095,94.65,96.52,93.22,0.0,100.0,100.0,0,0,100.0,16.17,100.0,1.0,2026-08-01,DERIVED_FROM_EXISTING_HR_DATA
EMP096,85.72,71.49,58.21,64.0,35.0,33.33,3,2,18.75,24.25,100.0,1.0,2026-08-01,DERIVED_FROM_EXISTING_HR_DATA
EMP097,87.29,69.65,60.23,84.0,30.0,0.0,3,3,6.25,8.66,100.0,1.0,2026-08-01,DERIVED_FROM_EXISTING_HR_DATA
EMP098,69.75,49.95,36.57,100.0,0.0,0.0,5,3,31.25,15.59,96.9,1.0,2026-08-01,DERIVED_FROM_EXISTING_HR_DATA
EMP099,96.23,79.98,66.0,64.0,30.0,33.33,3,2,12.5,10.39,100.0,1.0,2026-08-01,DERIVED_FROM_EXISTING_HR_DATA
EMP100,87.41,73.42,70.49,84.0,30.0,0.0,3,3,31.25,16.74,95.3,1.0,2026-08-01,DERIVED_FROM_EXISTING_HR_DATA
EMP101,96.03,83.84,62.07,36.0,60.0,66.67,2,1,31.25,18.48,100.0,1.0,2026-08-01,DERIVED_FROM_EXISTING_HR_DATA
EMP102,87.62,69.09,56.28,28.0,80.0,66.67,1,1,6.25,9.82,98.5,1.0,2026-08-01,DERIVED_FROM_EXISTING_HR_DATA
EMP103,84.33,69.6,64.18,64.0,35.0,33.33,3,2,0.0,10.39,100.0,1.0,2026-08-01,DERIVED_FROM_EXISTING_HR_DATA
EMP104,93.7,86.5,77.93,0.0,100.0,100.0,0,0,56.25,10.39,96.7,1.0,2026-08-01,DERIVED_FROM_EXISTING_HR_DATA
EMP105,93.35,86.54,93.77,0.0,100.0,100.0,0,0,56.25,9.24,96.8,1.0,2026-08-01,DERIVED_FROM_EXISTING_HR_DATA
EMP106,94.67,90.28,87.4,0.0,100.0,100.0,0,0,62.5,3.46,100.0,1.0,2026-08-01,DERIVED_FROM_EXISTING_HR_DATA
EMP107,88.82,71.28,56.53,72.0,25.0,33.33,4,2,12.5,17.9,100.0,1.0,2026-08-01,DERIVED_FROM_EXISTING_HR_DATA
EMP108,96.34,81.44,81.32,28.0,80.0,66.67,1,1,18.75,6.35,100.0,1.0,2026-08-01,DERIVED_FROM_EXISTING_HR_DATA
EMP109,84.42,67.38,54.01,64.0,35.0,33.33,3,2,6.25,20.79,93.7,1.0,2026-08-01,DERIVED_FROM_EXISTING_HR_DATA
EMP110,93.59,77.63,72.12,84.0,30.0,0.0,3,3,6.25,6.35,98.4,1.0,2026-08-01,DERIVED_FROM_EXISTING_HR_DATA
EMP111,92.85,80.26,65.23,64.0,35.0,33.33,3,2,25.0,15.59,100.0,1.0,2026-08-01,DERIVED_FROM_EXISTING_HR_DATA
EMP112,91.88,77.04,62.64,64.0,35.0,33.33,3,2,6.25,13.86,100.0,1.0,2026-08-01,DERIVED_FROM_EXISTING_HR_DATA
EMP113,84.21,69.18,63.86,36.0,55.0,66.67,2,1,0.0,8.66,100.0,1.0,2026-08-01,DERIVED_FROM_EXISTING_HR_DATA
EMP114,90.61,73.82,57.57,64.0,35.0,33.33,3,2,18.75,6.93,100.0,1.0,2026-08-01,DERIVED_FROM_EXISTING_HR_DATA
EMP115,96.68,82.73,82.86,28.0,80.0,66.67,1,1,25.0,17.32,100.0,1.0,2026-08-01,DERIVED_FROM_EXISTING_HR_DATA
EMP116,95.88,79.2,72.44,0.0,100.0,100.0,0,0,12.5,19.63,93.7,1.0,2026-08-01,DERIVED_FROM_EXISTING_HR_DATA
EMP117,87.16,71.06,58.4,92.0,10.0,0.0,4,3,18.75,12.12,96.7,1.0,2026-08-01,DERIVED_FROM_EXISTING_HR_DATA
EMP118,87.29,70.27,59.24,72.0,25.0,33.33,4,2,6.25,9.24,100.0,1.0,2026-08-01,DERIVED_FROM_EXISTING_HR_DATA
EMP119,87.92,71.95,72.75,92.0,10.0,0.0,4,3,18.75,24.83,96.8,1.0,2026-08-01,DERIVED_FROM_EXISTING_HR_DATA
EMP120,95.54,83.1,86.67,8.0,80.0,100.0,1,0,31.25,9.24,98.4,1.0,2026-08-01,DERIVED_FROM_EXISTING_HR_DATA
EMP121,89.16,73.04,58.44,64.0,30.0,33.33,3,2,18.75,17.32,98.4,1.0,2026-08-01,DERIVED_FROM_EXISTING_HR_DATA
EMP122,94.82,79.17,62.84,36.0,60.0,66.67,2,1,12.5,15.59,100.0,1.0,2026-08-01,DERIVED_FROM_EXISTING_HR_DATA
EMP123,95.06,82.94,81.04,0.0,100.0,100.0,0,0,31.25,6.35,98.4,1.0,2026-08-01,DERIVED_FROM_EXISTING_HR_DATA
EMP124,68.36,48.77,39.53,100.0,0.0,0.0,5,3,18.75,24.83,98.5,1.0,2026-08-01,DERIVED_FROM_EXISTING_HR_DATA
EMP125,94.27,89.87,84.09,0.0,100.0,100.0,0,0,68.75,9.24,100.0,1.0,2026-08-01,DERIVED_FROM_EXISTING_HR_DATA
EMP126,92.23,77.78,79.46,28.0,75.0,66.67,1,1,12.5,20.21,95.2,1.0,2026-08-01,DERIVED_FROM_EXISTING_HR_DATA
EMP127,91.18,78.87,70.61,64.0,35.0,33.33,3,2,12.5,0.0,100.0,1.0,2026-08-01,DERIVED_FROM_EXISTING_HR_DATA
EMP128,91.36,87.66,85.16,8.0,80.0,100.0,1,0,68.75,17.32,98.5,1.0,2026-08-01,DERIVED_FROM_EXISTING_HR_DATA
EMP129,92.64,91.17,91.94,0.0,100.0,100.0,0,0,81.25,6.35,100.0,1.0,2026-08-01,DERIVED_FROM_EXISTING_HR_DATA
EMP130,94.35,87.37,89.6,0.0,100.0,100.0,0,0,50.0,0.0,98.4,1.0,2026-08-01,DERIVED_FROM_EXISTING_HR_DATA
EMP131,87.77,70.78,57.13,92.0,10.0,0.0,4,3,12.5,9.82,100.0,1.0,2026-08-01,DERIVED_FROM_EXISTING_HR_DATA
EMP132,74.42,50.79,45.23,28.0,75.0,66.67,1,1,18.75,23.09,93.7,1.0,2026-08-01,DERIVED_FROM_EXISTING_HR_DATA
EMP133,96.28,86.35,81.77,8.0,80.0,100.0,1,0,43.75,19.05,100.0,1.0,2026-08-01,DERIVED_FROM_EXISTING_HR_DATA
EMP134,93.41,76.84,75.28,28.0,80.0,66.67,1,1,12.5,19.63,95.2,1.0,2026-08-01,DERIVED_FROM_EXISTING_HR_DATA
EMP135,90.62,72.42,78.13,0.0,100.0,100.0,0,0,12.5,9.82,98.4,1.0,2026-08-01,DERIVED_FROM_EXISTING_HR_DATA
EMP136,94.9,79.47,77.76,28.0,80.0,66.67,1,1,12.5,7.51,98.5,1.0,2026-08-01,DERIVED_FROM_EXISTING_HR_DATA
EMP137,93.46,76.84,68.51,0.0,100.0,100.0,0,0,6.25,30.6,98.4,1.0,2026-08-01,DERIVED_FROM_EXISTING_HR_DATA
EMP138,67.13,47.25,37.4,100.0,0.0,0.0,5,3,18.75,20.21,92.2,1.0,2026-08-01,DERIVED_FROM_EXISTING_HR_DATA
EMP139,93.88,79.53,62.15,44.0,50.0,66.67,3,1,18.75,15.59,98.4,1.0,2026-08-01,DERIVED_FROM_EXISTING_HR_DATA
EMP140,95.28,90.46,82.05,0.0,100.0,100.0,0,0,68.75,1.73,100.0,1.0,2026-08-01,DERIVED_FROM_EXISTING_HR_DATA
EMP141,85.42,81.53,78.74,64.0,35.0,33.33,3,2,75.0,5.2,100.0,1.0,2026-08-01,DERIVED_FROM_EXISTING_HR_DATA
EMP142,91.47,84.78,89.39,0.0,100.0,100.0,0,0,56.25,4.62,96.8,1.0,2026-08-01,DERIVED_FROM_EXISTING_HR_DATA
EMP143,94.66,78.74,85.68,28.0,80.0,66.67,1,1,12.5,7.51,100.0,1.0,2026-08-01,DERIVED_FROM_EXISTING_HR_DATA
EMP144,84.96,78.14,78.58,92.0,10.0,0.0,4,3,62.5,12.7,96.8,1.0,2026-08-01,DERIVED_FROM_EXISTING_HR_DATA
EMP145,87.6,72.43,61.94,36.0,60.0,66.67,2,1,18.75,5.77,100.0,1.0,2026-08-01,DERIVED_FROM_EXISTING_HR_DATA
EMP146,94.03,81.95,88.28,28.0,75.0,66.67,1,1,31.25,1.15,98.4,1.0,2026-08-01,DERIVED_FROM_EXISTING_HR_DATA
EMP147,70.08,54.62,62.73,72.0,25.0,33.33,4,2,50.0,18.48,98.4,1.0,2026-08-01,DERIVED_FROM_EXISTING_HR_DATA
EMP148,68.4,46.41,42.84,72.0,25.0,33.33,4,2,6.25,21.94,98.4,1.0,2026-08-01,DERIVED_FROM_EXISTING_HR_DATA
EMP149,89.6,75.22,58.2,92.0,10.0,0.0,4,3,31.25,9.82,100.0,1.0,2026-08-01,DERIVED_FROM_EXISTING_HR_DATA
EMP150,82.08,67.22,52.34,100.0,0.0,0.0,5,3,6.25,30.02,96.8,1.0,2026-08-01,DERIVED_FROM_EXISTING_HR_DATA
EMP151,88.94,76.4,65.16,64.0,35.0,33.33,3,2,6.25,24.83,95.4,1.0,2026-08-01,DERIVED_FROM_EXISTING_HR_DATA
EMP152,94.41,91.15,76.6,28.0,75.0,66.67,1,1,75.0,15.01,100.0,1.0,2026-08-01,DERIVED_FROM_EXISTING_HR_DATA
EMP153,87.29,72.46,52.52,92.0,10.0,0.0,4,3,25.0,12.7,96.8,1.0,2026-08-01,DERIVED_FROM_EXISTING_HR_DATA
EMP154,85.02,68.42,54.8,92.0,10.0,0.0,4,3,6.25,16.17,98.4,1.0,2026-08-01,DERIVED_FROM_EXISTING_HR_DATA
EMP155,95.03,80.46,77.56,8.0,80.0,100.0,1,0,18.75,20.21,100.0,1.0,2026-08-01,DERIVED_FROM_EXISTING_HR_DATA
EMP156,97.7,81.09,85.54,0.0,100.0,100.0,0,0,12.5,16.17,100.0,1.0,2026-08-01,DERIVED_FROM_EXISTING_HR_DATA
EMP157,94.3,78.5,69.32,64.0,35.0,33.33,3,2,12.5,5.2,100.0,1.0,2026-08-01,DERIVED_FROM_EXISTING_HR_DATA
EMP158,90.22,72.11,60.21,28.0,75.0,66.67,1,1,12.5,16.74,100.0,1.0,2026-08-01,DERIVED_FROM_EXISTING_HR_DATA
EMP159,86.12,81.37,67.34,56.0,55.0,33.33,2,2,75.0,21.36,96.8,1.0,2026-08-01,DERIVED_FROM_EXISTING_HR_DATA
EMP160,94.03,82.97,84.11,0.0,100.0,100.0,0,0,37.5,4.62,98.5,1.0,2026-08-01,DERIVED_FROM_EXISTING_HR_DATA
EMP161,95.76,80.57,87.68,0.0,100.0,100.0,0,0,18.75,0.0,98.4,1.0,2026-08-01,DERIVED_FROM_EXISTING_HR_DATA
EMP162,75.66,52.06,42.68,84.0,30.0,0.0,3,3,18.75,20.21,98.4,1.0,2026-08-01,DERIVED_FROM_EXISTING_HR_DATA
EMP163,85.86,69.61,54.23,100.0,0.0,0.0,5,3,12.5,15.01,96.9,1.0,2026-08-01,DERIVED_FROM_EXISTING_HR_DATA
EMP164,86.58,68.31,53.18,100.0,0.0,0.0,5,3,6.25,18.48,98.4,1.0,2026-08-01,DERIVED_FROM_EXISTING_HR_DATA
EMP165,84.13,68.7,54.0,100.0,0.0,0.0,5,3,12.5,21.94,98.4,1.0,2026-08-01,DERIVED_FROM_EXISTING_HR_DATA
EMP166,84.8,76.98,76.12,36.0,70.0,66.67,2,1,56.25,15.01,98.5,1.0,2026-08-01,DERIVED_FROM_EXISTING_HR_DATA
EMP167,92.19,82.66,83.88,8.0,80.0,100.0,1,0,43.75,15.01,96.8,1.0,2026-08-01,DERIVED_FROM_EXISTING_HR_DATA
EMP168,68.09,49.51,38.16,100.0,0.0,0.0,5,3,25.0,32.33,96.9,1.0,2026-08-01,DERIVED_FROM_EXISTING_HR_DATA
EMP169,93.43,90.44,94.88,0.0,100.0,100.0,0,0,75.0,6.93,98.4,1.0,2026-08-01,DERIVED_FROM_EXISTING_HR_DATA
EMP170,87.99,74.88,57.41,100.0,0.0,0.0,5,3,31.25,12.7,100.0,1.0,2026-08-01,DERIVED_FROM_EXISTING_HR_DATA
EMP171,87.32,80.2,85.18,28.0,75.0,66.67,1,1,62.5,6.93,98.4,1.0,2026-08-01,DERIVED_FROM_EXISTING_HR_DATA
EMP172,87.61,72.81,57.31,100.0,0.0,0.0,5,3,25.0,17.9,98.4,1.0,2026-08-01,DERIVED_FROM_EXISTING_HR_DATA
EMP173,86.13,73.34,54.69,92.0,10.0,0.0,4,3,31.25,8.66,100.0,1.0,2026-08-01,DERIVED_FROM_EXISTING_HR_DATA
EMP174,84.74,71.61,58.82,72.0,25.0,33.33,4,2,25.0,11.55,98.4,1.0,2026-08-01,DERIVED_FROM_EXISTING_HR_DATA
EMP175,73.47,53.54,46.34,72.0,25.0,33.33,4,2,31.25,5.2,100.0,1.0,2026-08-01,DERIVED_FROM_EXISTING_HR_DATA
EMP176,93.15,86.77,86.1,36.0,60.0,66.67,2,1,56.25,4.04,100.0,1.0,2026-08-01,DERIVED_FROM_EXISTING_HR_DATA
EMP177,86.73,70.85,50.73,100.0,0.0,0.0,5,3,18.75,16.74,98.5,1.0,2026-08-01,DERIVED_FROM_EXISTING_HR_DATA
EMP178,68.65,46.21,47.72,56.0,55.0,33.33,2,2,6.25,12.12,96.8,1.0,2026-08-01,DERIVED_FROM_EXISTING_HR_DATA
EMP179,88.54,69.56,59.18,64.0,30.0,33.33,3,2,6.25,23.09,98.4,1.0,2026-08-01,DERIVED_FROM_EXISTING_HR_DATA
EMP180,87.04,69.95,54.99,100.0,0.0,0.0,5,3,12.5,14.43,100.0,1.0,2026-08-01,DERIVED_FROM_EXISTING_HR_DATA
EMP181,85.43,70.45,64.39,36.0,55.0,66.67,2,1,6.25,4.62,100.0,1.0,2026-08-01,DERIVED_FROM_EXISTING_HR_DATA
EMP182,95.32,84.26,86.59,0.0,100.0,100.0,0,0,37.5,4.04,98.4,1.0,2026-08-01,DERIVED_FROM_EXISTING_HR_DATA
EMP183,89.5,72.88,58.33,64.0,35.0,33.33,3,2,18.75,12.12,98.5,1.0,2026-08-01,DERIVED_FROM_EXISTING_HR_DATA
EMP184,66.64,45.77,41.64,100.0,0.0,0.0,5,3,6.25,13.86,98.4,1.0,2026-08-01,DERIVED_FROM_EXISTING_HR_DATA
EMP185,84.5,77.36,54.39,100.0,0.0,0.0,5,3,50.0,15.01,100.0,1.0,2026-08-01,DERIVED_FROM_EXISTING_HR_DATA
EMP186,89.07,74.89,79.62,28.0,80.0,66.67,1,1,31.25,4.62,96.8,1.0,2026-08-01,DERIVED_FROM_EXISTING_HR_DATA
EMP187,87.4,68.75,55.06,72.0,25.0,33.33,4,2,6.25,27.71,96.7,1.0,2026-08-01,DERIVED_FROM_EXISTING_HR_DATA
EMP188,70.59,49.95,59.65,100.0,0.0,0.0,5,3,25.0,10.39,98.4,1.0,2026-08-01,DERIVED_FROM_EXISTING_HR_DATA
EMP189,86.41,73.01,80.45,36.0,55.0,66.67,2,1,31.25,27.71,96.8,1.0,2026-08-01,DERIVED_FROM_EXISTING_HR_DATA
EMP190,82.15,68.24,57.13,100.0,0.0,0.0,5,3,6.25,7.51,95.1,1.0,2026-08-01,DERIVED_FROM_EXISTING_HR_DATA
EMP191,94.82,85.0,77.71,0.0,100.0,100.0,0,0,43.75,8.08,98.4,1.0,2026-08-01,DERIVED_FROM_EXISTING_HR_DATA
EMP192,93.08,78.04,67.43,36.0,60.0,66.67,2,1,12.5,13.28,100.0,1.0,2026-08-01,DERIVED_FROM_EXISTING_HR_DATA
EMP193,95.24,77.47,67.54,8.0,80.0,100.0,1,0,6.25,5.77,95.1,1.0,2026-08-01,DERIVED_FROM_EXISTING_HR_DATA
EMP194,69.43,48.07,37.96,100.0,0.0,0.0,5,3,12.5,16.17,100.0,1.0,2026-08-01,DERIVED_FROM_EXISTING_HR_DATA
EMP195,92.42,88.92,94.16,0.0,100.0,100.0,0,0,68.75,10.97,100.0,1.0,2026-08-01,DERIVED_FROM_EXISTING_HR_DATA
EMP196,95.84,82.38,83.08,28.0,80.0,66.67,1,1,25.0,15.59,100.0,1.0,2026-08-01,DERIVED_FROM_EXISTING_HR_DATA
EMP197,85.88,74.9,77.48,84.0,30.0,0.0,3,3,43.75,17.9,96.8,1.0,2026-08-01,DERIVED_FROM_EXISTING_HR_DATA
EMP198,64.68,44.39,36.53,100.0,0.0,0.0,5,3,0.0,15.59,98.4,1.0,2026-08-01,DERIVED_FROM_EXISTING_HR_DATA
EMP199,95.46,79.34,65.5,28.0,80.0,66.67,1,1,12.5,21.36,98.4,1.0,2026-08-01,DERIVED_FROM_EXISTING_HR_DATA
EMP200,88.5,71.33,51.16,72.0,25.0,33.33,4,2,18.75,22.52,95.2,1.0,2026-08-01,DERIVED_FROM_EXISTING_HR_DATA
EMP201,91.81,85.12,89.62,64.0,35.0,33.33,3,2,56.25,10.39,96.9,1.0,2026-08-01,DERIVED_FROM_EXISTING_HR_DATA
EMP202,87.87,77.44,82.99,64.0,37.0,33.33,3,2,50.0,11.55,95.4,1.0,2026-08-01,DERIVED_FROM_EXISTING_HR_DATA
EMP203,92.72,83.34,64.69,92.0,18.0,0.0,4,3,43.75,4.04,100.0,1.0,2026-08-01,DERIVED_FROM_EXISTING_HR_DATA
EMP204,89.82,83.1,66.56,44.0,45.0,66.67,3,1,43.75,0.0,93.8,1.0,2026-08-01,DERIVED_FROM_EXISTING_HR_DATA
EMP205,92.93,81.7,81.61,36.0,62.0,66.67,2,1,37.5,6.93,93.8,1.0,2026-08-01,DERIVED_FROM_EXISTING_HR_DATA
EMP206,95.64,81.36,81.81,36.0,60.0,66.67,2,1,25.0,5.77,95.4,1.0,2026-08-01,DERIVED_FROM_EXISTING_HR_DATA
EMP207,86.53,77.34,81.14,64.0,37.0,33.33,3,2,18.75,11.55,90.8,1.0,2026-08-01,DERIVED_FROM_EXISTING_HR_DATA
EMP208,92.56,78.07,80.67,16.0,67.0,100.0,2,0,6.25,5.2,100.0,1.0,2026-08-01,DERIVED_FROM_EXISTING_HR_DATA
EMP209,86.41,70.07,72.27,64.0,40.0,33.33,3,2,6.25,6.93,95.4,1.0,2026-08-01,DERIVED_FROM_EXISTING_HR_DATA
EMP210,89.95,82.78,80.41,44.0,47.0,66.67,3,1,31.25,0.0,100.0,1.0,2026-08-01,DERIVED_FROM_EXISTING_HR_DATA
EMP211,87.48,74.68,73.94,72.0,25.0,33.33,4,2,25.0,16.74,96.9,1.0,2026-08-01,DERIVED_FROM_EXISTING_HR_DATA
EMP212,87.04,73.0,75.61,100.0,0.0,0.0,5,3,25.0,13.28,95.4,1.0,2026-08-01,DERIVED_FROM_EXISTING_HR_DATA
EMP213,94.92,77.76,84.91,100.0,0.0,0.0,5,3,6.25,10.39,95.4,1.0,2026-08-01,DERIVED_FROM_EXISTING_HR_DATA
EMP214,79.15,67.38,46.94,92.0,15.0,0.0,4,3,31.25,9.82,98.5,1.0,2026-08-01,DERIVED_FROM_EXISTING_HR_DATA
EMP215,77.53,61.04,50.85,92.0,18.0,0.0,4,3,0.0,6.93,98.5,1.0,2026-08-01,DERIVED_FROM_EXISTING_HR_DATA
EMP216,76.31,59.64,58.76,64.0,38.0,33.33,3,2,0.0,8.66,96.9,1.0,2026-08-01,DERIVED_FROM_EXISTING_HR_DATA
EMP217,74.48,57.8,57.7,72.0,22.0,33.33,4,2,0.0,0.0,89.2,1.0,2026-08-01,DERIVED_FROM_EXISTING_HR_DATA
EMP218,76.97,66.85,63.82,64.0,40.0,33.33,3,2,31.25,5.77,100.0,1.0,2026-08-01,DERIVED_FROM_EXISTING_HR_DATA
EMP219,77.6,63.77,55.54,92.0,15.0,0.0,4,3,18.75,0.0,96.9,1.0,2026-08-01,DERIVED_FROM_EXISTING_HR_DATA
EMP220,77.29,66.56,53.78,64.0,43.0,33.33,3,2,31.25,4.62,98.5,1.0,2026-08-01,DERIVED_FROM_EXISTING_HR_DATA
EMP221,79.72,62.24,62.67,84.0,33.0,0.0,3,3,6.25,5.2,95.4,1.0,2026-08-01,DERIVED_FROM_EXISTING_HR_DATA
EMP222,66.34,49.88,51.92,64.0,40.0,33.33,3,2,0.0,10.97,98.5,1.0,2026-08-01,DERIVED_FROM_EXISTING_HR_DATA
EMP223,75.9,64.74,56.17,44.0,47.0,66.67,3,1,31.25,6.35,96.9,1.0,2026-08-01,DERIVED_FROM_EXISTING_HR_DATA
EMP224,64.26,48.91,56.65,64.0,37.0,33.33,3,2,0.0,7.51,98.5,1.0,2026-08-01,DERIVED_FROM_EXISTING_HR_DATA
EMP225,66.09,50.28,54.58,56.0,55.0,33.33,2,2,0.0,9.24,100.0,1.0,2026-08-01,DERIVED_FROM_EXISTING_HR_DATA
EMP226,67.08,51.56,63.09,44.0,47.0,66.67,3,1,6.25,23.09,100.0,1.0,2026-08-01,DERIVED_FROM_EXISTING_HR_DATA
EMP227,94.19,85.78,88.13,64.0,40.0,33.33,3,2,50.0,0.0,100.0,1.0,2026-08-01,DERIVED_FROM_EXISTING_HR_DATA
EMP228,92.56,83.15,63.55,44.0,45.0,66.67,3,1,43.75,7.51,96.9,1.0,2026-08-01,DERIVED_FROM_EXISTING_HR_DATA
EMP229,93.15,86.36,92.09,100.0,0.0,0.0,5,3,56.25,0.0,100.0,1.0,2026-08-01,DERIVED_FROM_EXISTING_HR_DATA
EMP230,88.43,77.81,78.78,36.0,60.0,66.67,2,1,50.0,1.73,95.4,1.0,2026-08-01,DERIVED_FROM_EXISTING_HR_DATA
EMP231,87.14,79.42,86.57,92.0,18.0,0.0,4,3,62.5,4.04,96.9,1.0,2026-08-01,DERIVED_FROM_EXISTING_HR_DATA
EMP232,86.67,72.94,84.37,72.0,25.0,33.33,4,2,31.25,1.15,98.5,1.0,2026-08-01,DERIVED_FROM_EXISTING_HR_DATA
EMP233,89.57,74.96,74.14,72.0,22.0,33.33,4,2,25.0,5.77,100.0,1.0,2026-08-01,DERIVED_FROM_EXISTING_HR_DATA
EMP234,85.62,78.89,71.31,92.0,18.0,0.0,4,3,50.0,11.55,96.9,1.0,2026-08-01,DERIVED_FROM_EXISTING_HR_DATA
EMP235,88.04,79.51,72.29,64.0,43.0,33.33,3,2,56.25,2.31,100.0,1.0,2026-08-01,DERIVED_FROM_EXISTING_HR_DATA
EMP236,87.89,78.14,72.73,44.0,42.0,66.67,3,1,37.5,4.62,98.5,1.0,2026-08-01,DERIVED_FROM_EXISTING_HR_DATA
EMP237,80.47,61.02,61.68,92.0,15.0,0.0,4,3,0.0,0.0,100.0,1.0,2026-08-01,DERIVED_FROM_EXISTING_HR_DATA
EMP238,76.31,64.38,51.53,44.0,45.0,66.67,3,1,25.0,5.2,100.0,1.0,2026-08-01,DERIVED_FROM_EXISTING_HR_DATA
EMP239,76.77,60.02,59.89,44.0,42.0,66.67,3,1,0.0,7.51,95.4,1.0,2026-08-01,DERIVED_FROM_EXISTING_HR_DATA
EMP240,78.22,68.78,59.37,92.0,18.0,0.0,4,3,37.5,5.77,100.0,1.0,2026-08-01,DERIVED_FROM_EXISTING_HR_DATA
EMP241,67.75,56.36,64.44,44.0,45.0,66.67,3,1,31.25,8.08,96.9,1.0,2026-08-01,DERIVED_FROM_EXISTING_HR_DATA
EMP242,73.27,68.79,54.59,64.0,40.0,33.33,3,2,56.25,2.31,93.8,1.0,2026-08-01,DERIVED_FROM_EXISTING_HR_DATA
EMP243,71.99,63.7,57.84,72.0,25.0,33.33,4,2,31.25,8.66,96.9,1.0,2026-08-01,DERIVED_FROM_EXISTING_HR_DATA
EMP244,80.01,64.11,47.83,72.0,25.0,33.33,4,2,12.5,5.77,95.4,1.0,2026-08-01,DERIVED_FROM_EXISTING_HR_DATA
EMP245,76.89,63.5,52.36,100.0,0.0,0.0,5,3,18.75,0.58,93.8,1.0,2026-08-01,DERIVED_FROM_EXISTING_HR_DATA
EMP246,77.18,66.46,47.69,64.0,38.0,33.33,3,2,31.25,6.35,100.0,1.0,2026-08-01,DERIVED_FROM_EXISTING_HR_DATA
EMP247,79.88,74.91,52.93,44.0,47.0,66.67,3,1,62.5,1.15,100.0,1.0,2026-08-01,DERIVED_FROM_EXISTING_HR_DATA
EMP248,80.04,68.57,57.29,100.0,0.0,0.0,5,3,43.75,7.51,90.8,1.0,2026-08-01,DERIVED_FROM_EXISTING_HR_DATA
EMP249,65.03,49.0,49.24,84.0,33.0,0.0,3,3,0.0,3.46,96.9,1.0,2026-08-01,DERIVED_FROM_EXISTING_HR_DATA
EMP250,66.44,52.4,50.93,92.0,15.0,0.0,4,3,6.25,19.63,100.0,1.0,2026-08-01,DERIVED_FROM_EXISTING_HR_DATA
EMP251,61.98,46.65,51.38,72.0,20.0,33.33,4,2,0.0,8.08,95.4,1.0,2026-08-01,DERIVED_FROM_EXISTING_HR_DATA
EMP252,92.76,81.04,93.84,72.0,20.0,33.33,4,2,31.25,2.31,100.0,1.0,2026-08-01,DERIVED_FROM_EXISTING_HR_DATA
EMP253,93.25,74.82,87.06,64.0,37.0,33.33,3,2,0.0,2.31,95.4,1.0,2026-08-01,DERIVED_FROM_EXISTING_HR_DATA
EMP254,93.62,78.75,82.71,92.0,15.0,0.0,4,3,18.75,9.82,96.9,1.0,2026-08-01,DERIVED_FROM_EXISTING_HR_DATA
EMP255,94.66,85.96,85.46,36.0,60.0,66.67,2,1,50.0,1.15,98.5,1.0,2026-08-01,DERIVED_FROM_EXISTING_HR_DATA
EMP256,65.24,51.32,53.56,100.0,0.0,0.0,5,3,6.25,0.0,100.0,1.0,2026-08-01,DERIVED_FROM_EXISTING_HR_DATA
EMP257,65.84,49.42,50.06,92.0,15.0,0.0,4,3,0.0,6.93,96.9,1.0,2026-08-01,DERIVED_FROM_EXISTING_HR_DATA
EMP258,61.98,47.62,60.46,64.0,40.0,33.33,3,2,0.0,3.46,100.0,1.0,2026-08-01,DERIVED_FROM_EXISTING_HR_DATA
EMP259,86.43,73.68,80.51,44.0,42.0,66.67,3,1,37.5,9.24,95.4,1.0,2026-08-01,DERIVED_FROM_EXISTING_HR_DATA
EMP260,92.44,77.87,87.01,64.0,37.0,33.33,3,2,18.75,7.51,96.9,1.0,2026-08-01,DERIVED_FROM_EXISTING_HR_DATA
EMP261,95.72,89.12,80.5,64.0,40.0,33.33,3,2,62.5,9.82,95.4,1.0,2026-08-01,DERIVED_FROM_EXISTING_HR_DATA
EMP262,95.35,87.93,89.01,92.0,18.0,0.0,4,3,56.25,17.9,100.0,1.0,2026-08-01,DERIVED_FROM_EXISTING_HR_DATA
EMP263,88.99,80.43,73.04,44.0,45.0,66.67,3,1,50.0,2.89,98.5,1.0,2026-08-01,DERIVED_FROM_EXISTING_HR_DATA
EMP264,90.35,84.46,86.77,72.0,20.0,33.33,4,2,37.5,8.66,100.0,1.0,2026-08-01,DERIVED_FROM_EXISTING_HR_DATA
EMP265,64.84,49.34,46.51,72.0,25.0,33.33,4,2,0.0,23.09,93.8,1.0,2026-08-01,DERIVED_FROM_EXISTING_HR_DATA
EMP266,66.04,49.87,49.43,100.0,0.0,0.0,5,3,0.0,10.39,96.9,1.0,2026-08-01,DERIVED_FROM_EXISTING_HR_DATA
EMP267,66.11,52.94,64.22,8.0,82.0,100.0,1,0,12.5,31.18,95.4,1.0,2026-08-01,DERIVED_FROM_EXISTING_HR_DATA
EMP268,88.38,82.8,76.78,56.0,55.0,33.33,2,2,75.0,12.12,100.0,1.0,2026-08-01,DERIVED_FROM_EXISTING_HR_DATA
EMP269,95.59,85.35,81.48,92.0,15.0,0.0,4,3,43.75,16.74,98.5,1.0,2026-08-01,DERIVED_FROM_EXISTING_HR_DATA
EMP270,93.7,86.32,80.27,44.0,45.0,66.67,3,1,56.25,16.74,93.8,1.0,2026-08-01,DERIVED_FROM_EXISTING_HR_DATA
EMP271,80.43,65.91,56.57,64.0,43.0,33.33,3,2,25.0,11.55,98.5,1.0,2026-08-01,DERIVED_FROM_EXISTING_HR_DATA
EMP272,78.05,59.82,49.87,100.0,0.0,0.0,5,3,0.0,5.77,100.0,1.0,2026-08-01,DERIVED_FROM_EXISTING_HR_DATA
EMP273,80.33,64.27,62.25,36.0,60.0,66.67,2,1,12.5,15.01,100.0,1.0,2026-08-01,DERIVED_FROM_EXISTING_HR_DATA
EMP274,67.67,51.57,55.26,64.0,40.0,33.33,3,2,0.0,10.39,100.0,1.0,2026-08-01,DERIVED_FROM_EXISTING_HR_DATA
EMP275,65.65,58.23,56.13,92.0,15.0,0.0,4,3,43.75,4.62,98.5,1.0,2026-08-01,DERIVED_FROM_EXISTING_HR_DATA
EMP276,62.78,54.28,52.45,92.0,15.0,0.0,4,3,31.25,10.39,100.0,1.0,2026-08-01,DERIVED_FROM_EXISTING_HR_DATA
EMP277,92.66,84.34,90.52,72.0,25.0,33.33,4,2,50.0,8.66,96.9,1.0,2026-08-01,DERIVED_FROM_EXISTING_HR_DATA
EMP278,92.83,79.84,93.88,64.0,35.0,33.33,3,2,25.0,12.7,100.0,1.0,2026-08-01,DERIVED_FROM_EXISTING_HR_DATA
EMP279,96.2,79.67,85.42,72.0,20.0,33.33,4,2,12.5,16.17,98.5,1.0,2026-08-01,DERIVED_FROM_EXISTING_HR_DATA
EMP280,84.69,80.44,80.54,92.0,15.0,0.0,4,3,62.5,6.93,98.5,1.0,2026-08-01,DERIVED_FROM_EXISTING_HR_DATA
EMP281,94.69,79.81,85.53,44.0,42.0,66.67,3,1,18.75,12.12,100.0,1.0,2026-08-01,DERIVED_FROM_EXISTING_HR_DATA
EMP282,87.73,75.05,81.72,64.0,35.0,33.33,3,2,37.5,7.51,100.0,1.0,2026-08-01,DERIVED_FROM_EXISTING_HR_DATA
EMP283,86.76,74.1,71.99,72.0,20.0,33.33,4,2,37.5,14.43,96.9,1.0,2026-08-01,DERIVED_FROM_EXISTING_HR_DATA
EMP284,88.43,78.09,76.14,100.0,0.0,0.0,5,3,50.0,4.04,100.0,1.0,2026-08-01,DERIVED_FROM_EXISTING_HR_DATA
EMP285,89.89,69.36,69.69,8.0,82.0,100.0,1,0,0.0,12.7,96.9,1.0,2026-08-01,DERIVED_FROM_EXISTING_HR_DATA
EMP286,95.62,86.72,84.56,64.0,40.0,33.33,3,2,50.0,14.43,100.0,1.0,2026-08-01,DERIVED_FROM_EXISTING_HR_DATA
EMP287,90.8,76.08,80.05,84.0,33.0,0.0,3,3,0.0,6.93,100.0,1.0,2026-08-01,DERIVED_FROM_EXISTING_HR_DATA
EMP288,86.77,80.02,74.24,44.0,42.0,66.67,3,1,50.0,2.89,93.8,1.0,2026-08-01,DERIVED_FROM_EXISTING_HR_DATA
EMP289,64.32,49.12,52.32,72.0,25.0,33.33,4,2,0.0,12.7,96.9,1.0,2026-08-01,DERIVED_FROM_EXISTING_HR_DATA
EMP290,63.97,52.1,53.2,92.0,15.0,0.0,4,3,18.75,27.71,100.0,1.0,2026-08-01,DERIVED_FROM_EXISTING_HR_DATA
EMP291,65.97,50.29,54.61,72.0,22.0,33.33,4,2,0.0,4.04,95.4,1.0,2026-08-01,DERIVED_FROM_EXISTING_HR_DATA
EMP292,93.87,85.58,88.97,100.0,0.0,0.0,5,3,50.0,10.39,100.0,1.0,2026-08-01,DERIVED_FROM_EXISTING_HR_DATA
EMP293,91.26,72.83,87.86,72.0,20.0,33.33,4,2,0.0,10.97,90.8,1.0,2026-08-01,DERIVED_FROM_EXISTING_HR_DATA
EMP294,93.16,80.97,87.32,92.0,15.0,0.0,4,3,31.25,0.0,95.4,1.0,2026-08-01,DERIVED_FROM_EXISTING_HR_DATA
EMP295,87.61,72.36,87.91,64.0,35.0,33.33,3,2,25.0,8.66,100.0,1.0,2026-08-01,DERIVED_FROM_EXISTING_HR_DATA
EMP296,94.99,87.23,85.5,92.0,15.0,0.0,4,3,56.25,0.0,96.9,1.0,2026-08-01,DERIVED_FROM_EXISTING_HR_DATA
EMP297,94.8,81.03,82.52,100.0,0.0,0.0,5,3,25.0,5.2,100.0,1.0,2026-08-01,DERIVED_FROM_EXISTING_HR_DATA
EMP298,88.52,76.83,81.15,36.0,62.0,66.67,2,1,43.75,4.62,100.0,1.0,2026-08-01,DERIVED_FROM_EXISTING_HR_DATA
EMP299,85.31,78.74,74.23,44.0,45.0,66.67,3,1,56.25,1.15,90.8,1.0,2026-08-01,DERIVED_FROM_EXISTING_HR_DATA
EMP300,90.06,82.79,83.45,84.0,33.0,0.0,3,3,31.25,8.08,96.9,1.0,2026-08-01,DERIVED_FROM_EXISTING_HR_DATA
EMP301,89.78,84.09,65.27,92.0,15.0,0.0,4,3,37.5,18.48,100.0,1.0,2026-08-01,DERIVED_FROM_EXISTING_HR_DATA
EMP302,85.96,82.77,59.23,92.0,18.0,0.0,4,3,56.25,12.12,100.0,1.0,2026-08-01,DERIVED_FROM_EXISTING_HR_DATA
EMP303,90.02,87.01,80.32,72.0,22.0,33.33,4,2,56.25,10.97,96.9,1.0,2026-08-01,DERIVED_FROM_EXISTING_HR_DATA
EMP304,84.52,79.38,69.7,72.0,20.0,33.33,4,2,56.25,15.59,98.5,1.0,2026-08-01,DERIVED_FROM_EXISTING_HR_DATA
EMP305,92.96,78.29,85.8,64.0,38.0,33.33,3,2,6.25,0.0,100.0,1.0,2026-08-01,DERIVED_FROM_EXISTING_HR_DATA
EMP306,78.38,62.74,59.08,84.0,33.0,0.0,3,3,12.5,6.35,95.4,1.0,2026-08-01,DERIVED_FROM_EXISTING_HR_DATA
EMP307,80.54,62.83,63.1,72.0,25.0,33.33,4,2,6.25,6.35,100.0,1.0,2026-08-01,DERIVED_FROM_EXISTING_HR_DATA
EMP308,78.32,67.84,55.27,56.0,58.0,33.33,2,2,31.25,5.77,100.0,1.0,2026-08-01,DERIVED_FROM_EXISTING_HR_DATA
EMP309,77.58,65.82,64.01,56.0,55.0,33.33,2,2,25.0,5.2,100.0,1.0,2026-08-01,DERIVED_FROM_EXISTING_HR_DATA
EMP310,79.18,68.83,62.95,36.0,63.0,66.67,2,1,37.5,5.77,95.4,1.0,2026-08-01,DERIVED_FROM_EXISTING_HR_DATA
EMP311,66.3,57.5,59.86,56.0,58.0,33.33,2,2,37.5,5.2,100.0,1.0,2026-08-01,DERIVED_FROM_EXISTING_HR_DATA
EMP312,79.2,63.93,55.54,92.0,15.0,0.0,4,3,18.75,3.46,93.8,1.0,2026-08-01,DERIVED_FROM_EXISTING_HR_DATA
EMP313,64.01,48.46,53.31,92.0,15.0,0.0,4,3,0.0,0.0,98.5,1.0,2026-08-01,DERIVED_FROM_EXISTING_HR_DATA
EMP314,65.88,49.71,55.3,36.0,62.0,66.67,2,1,0.0,5.77,98.5,1.0,2026-08-01,DERIVED_FROM_EXISTING_HR_DATA
EMP315,66.57,52.89,52.84,100.0,0.0,0.0,5,3,12.5,11.55,96.9,1.0,2026-08-01,DERIVED_FROM_EXISTING_HR_DATA
EMP316,89.73,78.8,80.57,72.0,20.0,33.33,4,2,50.0,8.08,98.5,1.0,2026-08-01,DERIVED_FROM_EXISTING_HR_DATA
EMP317,92.21,88.08,86.97,72.0,20.0,33.33,4,2,68.75,13.28,98.5,1.0,2026-08-01,DERIVED_FROM_EXISTING_HR_DATA
EMP318,87.85,75.1,77.1,72.0,25.0,33.33,4,2,37.5,12.7,100.0,1.0,2026-08-01,DERIVED_FROM_EXISTING_HR_DATA
EMP319,91.14,86.9,87.07,100.0,0.0,0.0,5,3,68.75,17.32,95.4,1.0,2026-08-01,DERIVED_FROM_EXISTING_HR_DATA
EMP320,93.32,87.3,88.89,44.0,47.0,66.67,3,1,62.5,19.63,93.8,1.0,2026-08-01,DERIVED_FROM_EXISTING_HR_DATA
EMP321,90.25,76.59,54.81,100.0,0.0,0.0,5,3,37.5,13.28,96.9,1.0,2026-08-01,DERIVED_FROM_EXISTING_HR_DATA
EMP322,87.98,73.66,78.97,92.0,18.0,0.0,4,3,31.25,14.43,95.4,1.0,2026-08-01,DERIVED_FROM_EXISTING_HR_DATA
EMP323,89.89,84.64,82.45,100.0,0.0,0.0,5,3,50.0,17.32,93.8,1.0,2026-08-01,DERIVED_FROM_EXISTING_HR_DATA
EMP324,89.38,79.79,73.53,64.0,40.0,33.33,3,2,56.25,16.74,98.5,1.0,2026-08-01,DERIVED_FROM_EXISTING_HR_DATA
EMP325,84.91,71.46,74.33,64.0,35.0,33.33,3,2,18.75,13.86,100.0,1.0,2026-08-01,DERIVED_FROM_EXISTING_HR_DATA
EMP326,93.73,76.1,80.12,72.0,25.0,33.33,4,2,6.25,3.46,93.8,1.0,2026-08-01,DERIVED_FROM_EXISTING_HR_DATA
EMP327,86.1,77.85,75.0,72.0,25.0,33.33,4,2,56.25,12.7,96.9,1.0,2026-08-01,DERIVED_FROM_EXISTING_HR_DATA
EMP328,93.08,80.32,86.03,44.0,42.0,66.67,3,1,31.25,14.43,89.2,1.0,2026-08-01,DERIVED_FROM_EXISTING_HR_DATA
EMP329,94.53,83.38,81.89,92.0,15.0,0.0,4,3,37.5,15.01,96.9,1.0,2026-08-01,DERIVED_FROM_EXISTING_HR_DATA
EMP330,87.16,75.4,73.02,36.0,65.0,66.67,2,1,31.25,4.62,100.0,1.0,2026-08-01,DERIVED_FROM_EXISTING_HR_DATA
EMP331,87.16,83.51,77.5,56.0,55.0,33.33,2,2,75.0,15.01,96.9,1.0,2026-08-01,DERIVED_FROM_EXISTING_HR_DATA
EMP332,91.5,84.54,83.83,72.0,20.0,33.33,4,2,43.75,17.9,98.5,1.0,2026-08-01,DERIVED_FROM_EXISTING_HR_DATA
EMP333,90.1,80.4,82.54,64.0,40.0,33.33,3,2,25.0,15.59,95.4,1.0,2026-08-01,DERIVED_FROM_EXISTING_HR_DATA
EMP334,91.14,79.78,83.03,92.0,15.0,0.0,4,3,18.75,4.04,98.5,1.0,2026-08-01,DERIVED_FROM_EXISTING_HR_DATA
EMP335,94.01,88.37,88.86,56.0,53.0,33.33,2,2,56.25,19.63,100.0,1.0,2026-08-01,DERIVED_FROM_EXISTING_HR_DATA
EMP336,91.7,81.1,64.92,100.0,0.0,0.0,5,3,25.0,16.17,98.5,1.0,2026-08-01,DERIVED_FROM_EXISTING_HR_DATA
EMP337,94.12,93.19,82.25,44.0,42.0,66.67,3,1,81.25,6.35,95.4,1.0,2026-08-01,DERIVED_FROM_EXISTING_HR_DATA
EMP338,89.59,75.17,69.85,36.0,65.0,66.67,2,1,31.25,3.46,96.9,1.0,2026-08-01,DERIVED_FROM_EXISTING_HR_DATA
EMP339,91.14,76.99,87.8,72.0,20.0,33.33,4,2,0.0,13.28,96.9,1.0,2026-08-01,DERIVED_FROM_EXISTING_HR_DATA
EMP340,92.33,85.48,82.56,64.0,38.0,33.33,3,2,37.5,15.01,100.0,1.0,2026-08-01,DERIVED_FROM_EXISTING_HR_DATA
EMP341,89.75,81.09,74.59,64.0,37.0,33.33,3,2,50.0,2.89,96.9,1.0,2026-08-01,DERIVED_FROM_EXISTING_HR_DATA
EMP342,94.17,86.45,81.39,72.0,20.0,33.33,4,2,50.0,19.63,93.8,1.0,2026-08-01,DERIVED_FROM_EXISTING_HR_DATA
EMP343,82.78,73.31,72.36,100.0,0.0,0.0,5,3,25.0,22.52,98.5,1.0,2026-08-01,DERIVED_FROM_EXISTING_HR_DATA
EMP344,82.17,69.94,76.63,72.0,22.0,33.33,4,2,12.5,15.01,98.5,1.0,2026-08-01,DERIVED_FROM_EXISTING_HR_DATA
EMP345,77.79,65.78,56.13,64.0,37.0,33.33,3,2,25.0,18.48,100.0,1.0,2026-08-01,DERIVED_FROM_EXISTING_HR_DATA
EMP346,80.13,62.7,54.66,84.0,33.0,0.0,3,3,6.25,14.43,100.0,1.0,2026-08-01,DERIVED_FROM_EXISTING_HR_DATA
EMP347,78.13,68.25,58.96,36.0,60.0,66.67,2,1,37.5,14.43,98.5,1.0,2026-08-01,DERIVED_FROM_EXISTING_HR_DATA
EMP348,74.82,59.9,59.81,36.0,60.0,66.67,2,1,6.25,15.59,95.4,1.0,2026-08-01,DERIVED_FROM_EXISTING_HR_DATA
EMP349,76.87,65.5,47.45,100.0,0.0,0.0,5,3,25.0,13.86,95.4,1.0,2026-08-01,DERIVED_FROM_EXISTING_HR_DATA
EMP350,77.94,60.67,59.93,36.0,60.0,66.67,2,1,6.25,16.17,95.4,1.0,2026-08-01,DERIVED_FROM_EXISTING_HR_DATA
EMP351,77.75,59.03,64.07,56.0,58.0,33.33,2,2,0.0,8.08,100.0,1.0,2026-08-01,DERIVED_FROM_EXISTING_HR_DATA
EMP352,76.25,59.56,55.0,72.0,20.0,33.33,4,2,0.0,12.7,98.5,1.0,2026-08-01,DERIVED_FROM_EXISTING_HR_DATA
EMP353,78.65,68.23,54.59,44.0,47.0,66.67,3,1,31.25,2.89,98.5,1.0,2026-08-01,DERIVED_FROM_EXISTING_HR_DATA
EMP354,77.86,59.97,62.84,44.0,47.0,66.67,3,1,6.25,15.01,98.5,1.0,2026-08-01,DERIVED_FROM_EXISTING_HR_DATA
EMP355,77.81,65.77,65.46,56.0,55.0,33.33,2,2,25.0,4.62,100.0,1.0,2026-08-01,DERIVED_FROM_EXISTING_HR_DATA
EMP356,68.14,57.9,53.83,44.0,45.0,66.67,3,1,31.25,6.35,98.5,1.0,2026-08-01,DERIVED_FROM_EXISTING_HR_DATA
EMP357,81.52,62.01,64.96,44.0,42.0,66.67,3,1,0.0,21.36,100.0,1.0,2026-08-01,DERIVED_FROM_EXISTING_HR_DATA
EMP358,65.34,50.22,47.24,72.0,22.0,33.33,4,2,6.25,8.08,95.4,1.0,2026-08-01,DERIVED_FROM_EXISTING_HR_DATA
EMP359,67.36,50.42,52.86,64.0,43.0,33.33,3,2,0.0,5.77,96.9,1.0,2026-08-01,DERIVED_FROM_EXISTING_HR_DATA
EMP360,67.83,62.44,52.99,72.0,25.0,33.33,4,2,56.25,6.93,96.9,1.0,2026-08-01,DERIVED_FROM_EXISTING_HR_DATA
EMP361,87.3,73.38,87.23,64.0,40.0,33.33,3,2,31.25,4.04,100.0,1.0,2026-08-01,DERIVED_FROM_EXISTING_HR_DATA
EMP362,92.51,82.89,64.87,72.0,20.0,33.33,4,2,43.75,1.73,93.8,1.0,2026-08-01,DERIVED_FROM_EXISTING_HR_DATA
EMP363,91.67,79.79,89.88,64.0,40.0,33.33,3,2,31.25,3.46,95.4,1.0,2026-08-01,DERIVED_FROM_EXISTING_HR_DATA
EMP364,91.58,73.4,86.28,72.0,25.0,33.33,4,2,0.0,10.97,93.8,1.0,2026-08-01,DERIVED_FROM_EXISTING_HR_DATA
EMP365,88.7,76.74,79.93,100.0,0.0,0.0,5,3,43.75,10.97,98.5,1.0,2026-08-01,DERIVED_FROM_EXISTING_HR_DATA
EMP366,88.52,73.86,81.16,92.0,18.0,0.0,4,3,31.25,11.55,96.9,1.0,2026-08-01,DERIVED_FROM_EXISTING_HR_DATA
EMP367,86.61,78.86,82.15,64.0,35.0,33.33,3,2,62.5,6.35,93.8,1.0,2026-08-01,DERIVED_FROM_EXISTING_HR_DATA
EMP368,87.83,72.49,74.18,36.0,65.0,66.67,2,1,25.0,2.31,98.5,1.0,2026-08-01,DERIVED_FROM_EXISTING_HR_DATA
EMP369,87.91,69.0,74.37,72.0,20.0,33.33,4,2,6.25,5.77,100.0,1.0,2026-08-01,DERIVED_FROM_EXISTING_HR_DATA
EMP370,89.09,69.56,73.35,44.0,42.0,66.67,3,1,6.25,6.93,98.5,1.0,2026-08-01,DERIVED_FROM_EXISTING_HR_DATA
EMP371,88.48,75.5,74.07,92.0,15.0,0.0,4,3,31.25,9.82,100.0,1.0,2026-08-01,DERIVED_FROM_EXISTING_HR_DATA
EMP372,92.84,79.16,84.55,36.0,60.0,66.67,2,1,18.75,6.93,95.4,1.0,2026-08-01,DERIVED_FROM_EXISTING_HR_DATA
EMP373,92.7,79.98,79.65,72.0,20.0,33.33,4,2,25.0,4.04,100.0,1.0,2026-08-01,DERIVED_FROM_EXISTING_HR_DATA
EMP374,93.1,75.38,83.0,84.0,33.0,0.0,3,3,0.0,4.62,98.5,1.0,2026-08-01,DERIVED_FROM_EXISTING_HR_DATA
EMP375,87.93,76.84,55.58,72.0,25.0,33.33,4,2,50.0,7.51,90.8,1.0,2026-08-01,DERIVED_FROM_EXISTING_HR_DATA
EMP376,85.29,79.64,75.4,72.0,22.0,33.33,4,2,56.25,2.31,100.0,1.0,2026-08-01,DERIVED_FROM_EXISTING_HR_DATA
EMP377,91.67,83.92,82.39,64.0,43.0,33.33,3,2,37.5,8.08,90.8,1.0,2026-08-01,DERIVED_FROM_EXISTING_HR_DATA
EMP378,89.77,78.9,81.32,72.0,20.0,33.33,4,2,18.75,1.73,96.9,1.0,2026-08-01,DERIVED_FROM_EXISTING_HR_DATA
EMP379,82.66,70.78,73.36,92.0,15.0,0.0,4,3,25.0,10.97,92.3,1.0,2026-08-01,DERIVED_FROM_EXISTING_HR_DATA
EMP380,86.76,78.94,74.34,44.0,47.0,66.67,3,1,43.75,1.15,98.5,1.0,2026-08-01,DERIVED_FROM_EXISTING_HR_DATA
EMP381,93.24,82.59,82.27,64.0,37.0,33.33,3,2,25.0,0.0,98.5,1.0,2026-08-01,DERIVED_FROM_EXISTING_HR_DATA
EMP382,92.81,83.45,82.94,92.0,15.0,0.0,4,3,31.25,2.89,100.0,1.0,2026-08-01,DERIVED_FROM_EXISTING_HR_DATA
EMP383,86.07,79.93,74.64,72.0,25.0,33.33,4,2,56.25,14.43,98.5,1.0,2026-08-01,DERIVED_FROM_EXISTING_HR_DATA
EMP384,88.79,84.1,87.48,64.0,43.0,33.33,3,2,43.75,2.31,96.9,1.0,2026-08-01,DERIVED_FROM_EXISTING_HR_DATA
EMP385,89.67,80.98,74.48,72.0,25.0,33.33,4,2,56.25,8.08,100.0,1.0,2026-08-01,DERIVED_FROM_EXISTING_HR_DATA
EMP386,93.69,78.55,82.57,64.0,43.0,33.33,3,2,12.5,1.15,95.4,1.0,2026-08-01,DERIVED_FROM_EXISTING_HR_DATA
EMP387,87.54,74.25,75.59,92.0,18.0,0.0,4,3,12.5,0.0,98.5,1.0,2026-08-01,DERIVED_FROM_EXISTING_HR_DATA
EMP388,87.1,83.94,62.73,64.0,35.0,33.33,3,2,43.75,7.51,90.8,1.0,2026-08-01,DERIVED_FROM_EXISTING_HR_DATA
EMP389,87.97,72.14,57.23,92.0,18.0,0.0,4,3,12.5,0.0,100.0,1.0,2026-08-01,DERIVED_FROM_EXISTING_HR_DATA
EMP390,73.21,56.87,52.04,92.0,15.0,0.0,4,3,0.0,10.97,96.9,1.0,2026-08-01,DERIVED_FROM_EXISTING_HR_DATA
EMP391,74.25,58.54,56.68,100.0,0.0,0.0,5,3,6.25,10.39,98.5,1.0,2026-08-01,DERIVED_FROM_EXISTING_HR_DATA
EMP392,77.9,65.88,62.1,56.0,58.0,33.33,2,2,31.25,2.31,93.8,1.0,2026-08-01,DERIVED_FROM_EXISTING_HR_DATA
EMP393,77.72,64.19,62.21,92.0,18.0,0.0,4,3,18.75,2.31,96.9,1.0,2026-08-01,DERIVED_FROM_EXISTING_HR_DATA
EMP394,78.68,67.5,59.36,92.0,15.0,0.0,4,3,31.25,0.0,98.5,1.0,2026-08-01,DERIVED_FROM_EXISTING_HR_DATA
EMP395,76.41,61.09,64.23,36.0,62.0,66.67,2,1,6.25,14.43,100.0,1.0,2026-08-01,DERIVED_FROM_EXISTING_HR_DATA
EMP396,76.88,62.06,61.01,36.0,62.0,66.67,2,1,12.5,2.31,96.9,1.0,2026-08-01,DERIVED_FROM_EXISTING_HR_DATA
EMP397,78.38,61.44,51.22,72.0,22.0,33.33,4,2,6.25,11.55,93.8,1.0,2026-08-01,DERIVED_FROM_EXISTING_HR_DATA
EMP398,81.31,62.01,48.65,92.0,18.0,0.0,4,3,0.0,10.97,98.5,1.0,2026-08-01,DERIVED_FROM_EXISTING_HR_DATA
EMP399,79.45,63.72,58.82,92.0,15.0,0.0,4,3,12.5,6.93,100.0,1.0,2026-08-01,DERIVED_FROM_EXISTING_HR_DATA
EMP400,78.75,63.22,65.43,44.0,45.0,66.67,3,1,12.5,9.82,100.0,1.0,2026-08-01,DERIVED_FROM_EXISTING_HR_DATA
EMP401,78.64,69.06,56.17,84.0,33.0,0.0,3,3,43.75,5.77,93.8,1.0,2026-08-01,DERIVED_FROM_EXISTING_HR_DATA
EMP402,78.09,62.19,61.09,92.0,18.0,0.0,4,3,6.25,4.62,100.0,1.0,2026-08-01,DERIVED_FROM_EXISTING_HR_DATA
EMP403,66.47,53.37,59.04,72.0,22.0,33.33,4,2,12.5,2.31,100.0,1.0,2026-08-01,DERIVED_FROM_EXISTING_HR_DATA
EMP404,67.41,61.77,50.92,100.0,0.0,0.0,5,3,50.0,2.89,100.0,1.0,2026-08-01,DERIVED_FROM_EXISTING_HR_DATA
EMP405,64.79,48.88,52.18,64.0,40.0,33.33,3,2,0.0,12.7,92.3,1.0,2026-08-01,DERIVED_FROM_EXISTING_HR_DATA
EMP406,88.81,73.25,82.62,92.0,15.0,0.0,4,3,25.0,3.46,100.0,1.0,2026-08-01,DERIVED_FROM_EXISTING_HR_DATA
EMP407,87.69,75.95,83.81,64.0,37.0,33.33,3,2,43.75,12.7,95.4,1.0,2026-08-01,DERIVED_FROM_EXISTING_HR_DATA
EMP408,88.9,75.6,80.52,64.0,37.0,33.33,3,2,37.5,5.2,95.4,1.0,2026-08-01,DERIVED_FROM_EXISTING_HR_DATA
EMP409,94.36,93.4,88.72,64.0,37.0,33.33,3,2,87.5,4.62,100.0,1.0,2026-08-01,DERIVED_FROM_EXISTING_HR_DATA
EMP410,94.25,83.28,88.14,72.0,22.0,33.33,4,2,37.5,0.0,98.5,1.0,2026-08-01,DERIVED_FROM_EXISTING_HR_DATA
EMP411,94.04,89.24,89.92,36.0,62.0,66.67,2,1,68.75,1.15,100.0,1.0,2026-08-01,DERIVED_FROM_EXISTING_HR_DATA
EMP412,93.63,80.17,90.16,72.0,25.0,33.33,4,2,25.0,5.2,96.9,1.0,2026-08-01,DERIVED_FROM_EXISTING_HR_DATA
EMP413,84.08,76.02,79.49,64.0,35.0,33.33,3,2,43.75,11.55,100.0,1.0,2026-08-01,DERIVED_FROM_EXISTING_HR_DATA
EMP414,92.81,82.56,88.26,72.0,20.0,33.33,4,2,31.25,8.08,93.8,1.0,2026-08-01,DERIVED_FROM_EXISTING_HR_DATA
EMP415,94.51,82.0,84.31,72.0,22.0,33.33,4,2,31.25,5.77,95.4,1.0,2026-08-01,DERIVED_FROM_EXISTING_HR_DATA
EMP416,94.41,87.22,82.97,16.0,67.0,100.0,2,0,56.25,8.08,96.9,1.0,2026-08-01,DERIVED_FROM_EXISTING_HR_DATA
EMP417,94.24,83.09,81.67,56.0,53.0,33.33,2,2,37.5,6.93,98.5,1.0,2026-08-01,DERIVED_FROM_EXISTING_HR_DATA
EMP418,89.85,72.7,69.85,56.0,53.0,33.33,2,2,18.75,6.93,98.5,1.0,2026-08-01,DERIVED_FROM_EXISTING_HR_DATA
EMP419,90.02,78.4,74.4,72.0,25.0,33.33,4,2,43.75,6.35,98.5,1.0,2026-08-01,DERIVED_FROM_EXISTING_HR_DATA
EMP420,90.11,79.61,82.37,64.0,38.0,33.33,3,2,25.0,4.62,100.0,1.0,2026-08-01,DERIVED_FROM_EXISTING_HR_DATA
EMP421,86.43,86.75,80.14,64.0,40.0,33.33,3,2,62.5,1.15,92.3,1.0,2026-08-01,DERIVED_FROM_EXISTING_HR_DATA
EMP422,86.08,80.8,73.89,36.0,57.0,66.67,2,1,68.75,0.0,92.3,1.0,2026-08-01,DERIVED_FROM_EXISTING_HR_DATA
EMP423,79.67,78.98,73.92,100.0,0.0,0.0,5,3,68.75,5.2,95.4,1.0,2026-08-01,DERIVED_FROM_EXISTING_HR_DATA
EMP424,94.76,76.41,83.38,72.0,22.0,33.33,4,2,0.0,0.0,95.4,1.0,2026-08-01,DERIVED_FROM_EXISTING_HR_DATA
EMP425,83.7,75.98,71.48,44.0,45.0,66.67,3,1,43.75,0.0,98.5,1.0,2026-08-01,DERIVED_FROM_EXISTING_HR_DATA
EMP426,87.68,76.13,72.58,72.0,22.0,33.33,4,2,31.25,6.93,100.0,1.0,2026-08-01,DERIVED_FROM_EXISTING_HR_DATA
EMP427,89.51,79.91,80.1,72.0,25.0,33.33,4,2,18.75,7.51,100.0,1.0,2026-08-01,DERIVED_FROM_EXISTING_HR_DATA
EMP428,90.48,86.02,72.83,64.0,37.0,33.33,3,2,43.75,7.51,100.0,1.0,2026-08-01,DERIVED_FROM_EXISTING_HR_DATA
EMP429,93.15,78.03,87.13,100.0,0.0,0.0,5,3,12.5,8.66,98.5,1.0,2026-08-01,DERIVED_FROM_EXISTING_HR_DATA
EMP430,91.93,85.88,73.9,44.0,42.0,66.67,3,1,75.0,7.51,95.4,1.0,2026-08-01,DERIVED_FROM_EXISTING_HR_DATA
EMP431,89.04,79.37,80.17,100.0,0.0,0.0,5,3,18.75,0.58,100.0,1.0,2026-08-01,DERIVED_FROM_EXISTING_HR_DATA
EMP432,91.66,79.36,85.18,72.0,22.0,33.33,4,2,18.75,7.51,98.5,1.0,2026-08-01,DERIVED_FROM_EXISTING_HR_DATA
EMP433,82.89,74.9,57.01,72.0,25.0,33.33,4,2,43.75,0.0,90.8,1.0,2026-08-01,DERIVED_FROM_EXISTING_HR_DATA
EMP434,91.42,87.48,84.19,72.0,25.0,33.33,4,2,50.0,5.2,100.0,1.0,2026-08-01,DERIVED_FROM_EXISTING_HR_DATA
EMP435,76.65,63.26,59.96,36.0,63.0,66.67,2,1,18.75,4.04,100.0,1.0,2026-08-01,DERIVED_FROM_EXISTING_HR_DATA
EMP436,66.74,57.49,51.04,44.0,42.0,66.67,3,1,37.5,13.28,96.9,1.0,2026-08-01,DERIVED_FROM_EXISTING_HR_DATA
EMP437,78.53,60.18,62.58,56.0,58.0,33.33,2,2,0.0,0.0,89.2,1.0,2026-08-01,DERIVED_FROM_EXISTING_HR_DATA
EMP438,79.15,69.82,48.36,72.0,22.0,33.33,4,2,43.75,6.93,98.5,1.0,2026-08-01,DERIVED_FROM_EXISTING_HR_DATA
EMP439,77.12,59.19,44.91,92.0,18.0,0.0,4,3,0.0,6.35,95.4,1.0,2026-08-01,DERIVED_FROM_EXISTING_HR_DATA
EMP440,78.92,60.04,54.1,64.0,43.0,33.33,3,2,0.0,5.77,93.8,1.0,2026-08-01,DERIVED_FROM_EXISTING_HR_DATA
EMP441,75.72,65.96,57.15,72.0,20.0,33.33,4,2,37.5,1.73,95.4,1.0,2026-08-01,DERIVED_FROM_EXISTING_HR_DATA
EMP442,76.26,62.73,51.25,64.0,35.0,33.33,3,2,12.5,8.08,93.8,1.0,2026-08-01,DERIVED_FROM_EXISTING_HR_DATA
EMP443,73.22,59.74,57.68,72.0,20.0,33.33,4,2,12.5,12.7,96.9,1.0,2026-08-01,DERIVED_FROM_EXISTING_HR_DATA
EMP444,79.44,60.64,51.59,64.0,38.0,33.33,3,2,0.0,2.31,93.8,1.0,2026-08-01,DERIVED_FROM_EXISTING_HR_DATA
EMP445,76.89,59.94,56.52,36.0,60.0,66.67,2,1,0.0,4.62,92.3,1.0,2026-08-01,DERIVED_FROM_EXISTING_HR_DATA
EMP446,76.88,59.75,63.65,72.0,25.0,33.33,4,2,0.0,11.55,100.0,1.0,2026-08-01,DERIVED_FROM_EXISTING_HR_DATA
EMP447,76.41,62.77,64.59,64.0,43.0,33.33,3,2,12.5,13.28,95.4,1.0,2026-08-01,DERIVED_FROM_EXISTING_HR_DATA
EMP448,65.68,49.48,61.47,36.0,65.0,66.67,2,1,0.0,13.86,96.9,1.0,2026-08-01,DERIVED_FROM_EXISTING_HR_DATA
EMP449,65.83,57.59,48.58,100.0,0.0,0.0,5,3,37.5,25.4,100.0,1.0,2026-08-01,DERIVED_FROM_EXISTING_HR_DATA
EMP450,63.78,48.92,49.19,92.0,18.0,0.0,4,3,0.0,19.63,95.4,1.0,2026-08-01,DERIVED_FROM_EXISTING_HR_DATA
EMP451,88.44,73.06,81.46,36.0,60.0,66.67,2,1,25.0,5.77,100.0,1.0,2026-08-01,DERIVED_FROM_EXISTING_HR_DATA
EMP452,93.49,77.85,95.78,92.0,18.0,0.0,4,3,12.5,10.97,100.0,1.0,2026-08-01,DERIVED_FROM_EXISTING_HR_DATA
EMP453,92.55,82.04,89.64,72.0,25.0,33.33,4,2,37.5,5.2,100.0,1.0,2026-08-01,DERIVED_FROM_EXISTING_HR_DATA
EMP454,87.52,77.47,87.98,100.0,0.0,0.0,5,3,50.0,6.35,100.0,1.0,2026-08-01,DERIVED_FROM_EXISTING_HR_DATA
EMP455,86.01,69.86,85.42,72.0,25.0,33.33,4,2,18.75,8.08,98.5,1.0,2026-08-01,DERIVED_FROM_EXISTING_HR_DATA
EMP456,92.5,84.17,88.88,64.0,40.0,33.33,3,2,50.0,5.77,96.9,1.0,2026-08-01,DERIVED_FROM_EXISTING_HR_DATA
EMP457,92.79,87.09,89.7,64.0,43.0,33.33,3,2,62.5,2.89,100.0,1.0,2026-08-01,DERIVED_FROM_EXISTING_HR_DATA
EMP458,87.23,70.59,66.74,92.0,18.0,0.0,4,3,18.75,9.24,90.8,1.0,2026-08-01,DERIVED_FROM_EXISTING_HR_DATA
EMP459,86.51,73.44,59.84,28.0,78.0,66.67,1,1,37.5,7.51,90.8,1.0,2026-08-01,DERIVED_FROM_EXISTING_HR_DATA
EMP460,87.96,72.43,70.16,36.0,65.0,66.67,2,1,25.0,11.55,95.4,1.0,2026-08-01,DERIVED_FROM_EXISTING_HR_DATA
EMP461,88.96,79.62,72.92,72.0,25.0,33.33,4,2,56.25,6.35,93.8,1.0,2026-08-01,DERIVED_FROM_EXISTING_HR_DATA
EMP462,85.62,73.1,73.2,64.0,40.0,33.33,3,2,31.25,1.15,93.8,1.0,2026-08-01,DERIVED_FROM_EXISTING_HR_DATA
EMP463,87.61,76.0,79.0,100.0,0.0,0.0,5,3,43.75,7.51,96.9,1.0,2026-08-01,DERIVED_FROM_EXISTING_HR_DATA
EMP464,94.59,85.84,80.37,36.0,60.0,66.67,2,1,50.0,10.97,98.5,1.0,2026-08-01,DERIVED_FROM_EXISTING_HR_DATA
EMP465,94.9,83.71,84.15,64.0,35.0,33.33,3,2,37.5,3.46,100.0,1.0,2026-08-01,DERIVED_FROM_EXISTING_HR_DATA
EMP466,90.9,91.46,81.36,64.0,43.0,33.33,3,2,75.0,0.0,96.9,1.0,2026-08-01,DERIVED_FROM_EXISTING_HR_DATA
EMP467,91.49,88.63,81.58,84.0,33.0,0.0,3,3,56.25,11.55,98.5,1.0,2026-08-01,DERIVED_FROM_EXISTING_HR_DATA
EMP468,86.85,77.69,70.36,44.0,42.0,66.67,3,1,43.75,7.51,95.4,1.0,2026-08-01,DERIVED_FROM_EXISTING_HR_DATA
EMP469,92.22,85.09,81.27,72.0,20.0,33.33,4,2,43.75,5.77,98.5,1.0,2026-08-01,DERIVED_FROM_EXISTING_HR_DATA
EMP470,91.28,88.01,79.63,64.0,40.0,33.33,3,2,62.5,0.0,96.9,1.0,2026-08-01,DERIVED_FROM_EXISTING_HR_DATA
EMP471,86.7,81.36,75.25,36.0,57.0,66.67,2,1,56.25,0.0,100.0,1.0,2026-08-01,DERIVED_FROM_EXISTING_HR_DATA
EMP472,92.6,84.34,89.65,100.0,0.0,0.0,5,3,31.25,5.77,100.0,1.0,2026-08-01,DERIVED_FROM_EXISTING_HR_DATA
EMP473,88.35,79.33,73.68,72.0,20.0,33.33,4,2,43.75,6.35,96.9,1.0,2026-08-01,DERIVED_FROM_EXISTING_HR_DATA
EMP474,94.13,90.86,80.89,72.0,20.0,33.33,4,2,68.75,4.04,98.5,1.0,2026-08-01,DERIVED_FROM_EXISTING_HR_DATA
EMP475,83.18,80.07,57.59,92.0,18.0,0.0,4,3,56.25,6.35,96.9,1.0,2026-08-01,DERIVED_FROM_EXISTING_HR_DATA
EMP476,88.61,82.83,81.99,100.0,0.0,0.0,5,3,37.5,8.08,95.4,1.0,2026-08-01,DERIVED_FROM_EXISTING_HR_DATA
EMP477,82.52,74.5,74.81,36.0,65.0,66.67,2,1,31.25,3.46,96.9,1.0,2026-08-01,DERIVED_FROM_EXISTING_HR_DATA
EMP478,92.3,78.26,79.78,100.0,0.0,0.0,5,3,12.5,8.66,100.0,1.0,2026-08-01,DERIVED_FROM_EXISTING_HR_DATA
EMP479,86.94,76.72,69.09,72.0,20.0,33.33,4,2,37.5,7.51,95.4,1.0,2026-08-01,DERIVED_FROM_EXISTING_HR_DATA
EMP480,79.04,60.73,59.45,64.0,43.0,33.33,3,2,0.0,6.93,96.9,1.0,2026-08-01,DERIVED_FROM_EXISTING_HR_DATA
EMP481,78.55,68.78,57.4,16.0,67.0,100.0,2,0,37.5,4.62,95.4,1.0,2026-08-01,DERIVED_FROM_EXISTING_HR_DATA
EMP482,77.71,63.41,59.63,44.0,47.0,66.67,3,1,18.75,1.73,95.4,1.0,2026-08-01,DERIVED_FROM_EXISTING_HR_DATA
EMP483,79.66,69.32,60.34,64.0,43.0,33.33,3,2,37.5,15.59,98.5,1.0,2026-08-01,DERIVED_FROM_EXISTING_HR_DATA
EMP484,77.47,62.08,60.57,84.0,33.0,0.0,3,3,6.25,0.0,95.4,1.0,2026-08-01,DERIVED_FROM_EXISTING_HR_DATA
EMP485,76.99,66.1,61.22,64.0,35.0,33.33,3,2,25.0,9.24,100.0,1.0,2026-08-01,DERIVED_FROM_EXISTING_HR_DATA
EMP486,76.7,59.39,59.88,44.0,45.0,66.67,3,1,0.0,5.77,95.4,1.0,2026-08-01,DERIVED_FROM_EXISTING_HR_DATA
EMP487,74.2,59.76,57.22,64.0,38.0,33.33,3,2,6.25,8.08,93.8,1.0,2026-08-01,DERIVED_FROM_EXISTING_HR_DATA
EMP488,66.08,51.84,51.38,92.0,18.0,0.0,4,3,12.5,7.51,93.8,1.0,2026-08-01,DERIVED_FROM_EXISTING_HR_DATA
EMP489,64.85,53.86,60.99,84.0,33.0,0.0,3,3,25.0,7.51,93.8,1.0,2026-08-01,DERIVED_FROM_EXISTING_HR_DATA
EMP490,77.36,67.95,63.2,64.0,43.0,33.33,3,2,37.5,5.2,100.0,1.0,2026-08-01,DERIVED_FROM_EXISTING_HR_DATA
EMP491,76.92,62.82,62.14,72.0,20.0,33.33,4,2,12.5,6.35,93.8,1.0,2026-08-01,DERIVED_FROM_EXISTING_HR_DATA
EMP492,76.36,59.52,58.17,100.0,0.0,0.0,5,3,0.0,8.08,95.4,1.0,2026-08-01,DERIVED_FROM_EXISTING_HR_DATA
EMP493,65.39,55.38,50.35,72.0,22.0,33.33,4,2,31.25,5.2,95.4,1.0,2026-08-01,DERIVED_FROM_EXISTING_HR_DATA
EMP494,66.35,52.72,56.73,64.0,43.0,33.33,3,2,12.5,6.93,95.4,1.0,2026-08-01,DERIVED_FROM_EXISTING_HR_DATA
EMP495,64.7,55.31,52.77,100.0,0.0,0.0,5,3,31.25,5.77,98.5,1.0,2026-08-01,DERIVED_FROM_EXISTING_HR_DATA
EMP496,91.54,85.09,88.59,92.0,15.0,0.0,4,3,56.25,2.31,98.5,1.0,2026-08-01,DERIVED_FROM_EXISTING_HR_DATA
EMP497,93.23,84.88,92.93,64.0,40.0,33.33,3,2,50.0,12.12,96.9,1.0,2026-08-01,DERIVED_FROM_EXISTING_HR_DATA
EMP498,89.24,83.38,78.24,64.0,37.0,33.33,3,2,75.0,3.46,96.9,1.0,2026-08-01,DERIVED_FROM_EXISTING_HR_DATA
EMP499,88.98,74.69,78.27,72.0,25.0,33.33,4,2,31.25,10.39,98.5,1.0,2026-08-01,DERIVED_FROM_EXISTING_HR_DATA
EMP500,86.52,85.15,84.16,64.0,40.0,33.33,3,2,93.75,0.0,95.4,1.0,2026-08-01,DERIVED_FROM_EXISTING_HR_DATA
EMP501,86.99,78.03,78.96,72.0,20.0,33.33,4,2,56.25,7.51,96.9,1.0,2026-08-01,DERIVED_FROM_EXISTING_HR_DATA
EMP502,91.99,80.34,88.79,100.0,0.0,0.0,5,3,31.25,2.31,98.5,1.0,2026-08-01,DERIVED_FROM_EXISTING_HR_DATA
EMP503,93.1,81.1,85.07,84.0,33.0,0.0,3,3,31.25,0.0,96.9,1.0,2026-08-01,DERIVED_FROM_EXISTING_HR_DATA
EMP504,85.33,82.34,70.09,44.0,47.0,66.67,3,1,75.0,6.93,96.9,1.0,2026-08-01,DERIVED_FROM_EXISTING_HR_DATA
EMP505,95.22,86.22,85.18,44.0,42.0,66.67,3,1,50.0,9.24,98.5,1.0,2026-08-01,DERIVED_FROM_EXISTING_HR_DATA
EMP506,92.86,83.36,80.89,36.0,60.0,66.67,2,1,43.75,10.97,96.9,1.0,2026-08-01,DERIVED_FROM_EXISTING_HR_DATA
EMP507,94.64,79.64,83.91,44.0,45.0,66.67,3,1,18.75,0.0,96.9,1.0,2026-08-01,DERIVED_FROM_EXISTING_HR_DATA
EMP508,91.92,83.12,72.67,72.0,25.0,33.33,4,2,62.5,2.31,100.0,1.0,2026-08-01,DERIVED_FROM_EXISTING_HR_DATA
EMP509,95.04,77.64,81.78,36.0,63.0,66.67,2,1,6.25,13.28,100.0,1.0,2026-08-01,DERIVED_FROM_EXISTING_HR_DATA
EMP510,90.14,81.15,70.67,84.0,33.0,0.0,3,3,62.5,2.31,92.3,1.0,2026-08-01,DERIVED_FROM_EXISTING_HR_DATA
EMP511,90.66,78.02,54.46,100.0,0.0,0.0,5,3,37.5,0.58,95.4,1.0,2026-08-01,DERIVED_FROM_EXISTING_HR_DATA
EMP512,89.74,81.04,73.57,72.0,20.0,33.33,4,2,56.25,1.15,93.8,1.0,2026-08-01,DERIVED_FROM_EXISTING_HR_DATA
EMP513,90.48,88.04,68.46,92.0,15.0,0.0,4,3,56.25,6.93,96.9,1.0,2026-08-01,DERIVED_FROM_EXISTING_HR_DATA
EMP514,83.76,82.85,73.56,28.0,80.0,66.67,1,1,81.25,0.0,86.2,1.0,2026-08-01,DERIVED_FROM_EXISTING_HR_DATA
EMP515,90.88,83.7,83.7,64.0,37.0,33.33,3,2,43.75,6.35,90.8,1.0,2026-08-01,DERIVED_FROM_EXISTING_HR_DATA
EMP516,88.03,86.97,64.07,92.0,18.0,0.0,4,3,56.25,4.62,100.0,1.0,2026-08-01,DERIVED_FROM_EXISTING_HR_DATA
EMP517,88.73,79.14,74.04,64.0,43.0,33.33,3,2,50.0,4.04,95.4,1.0,2026-08-01,DERIVED_FROM_EXISTING_HR_DATA
EMP518,88.86,76.82,83.16,92.0,18.0,0.0,4,3,6.25,11.55,96.9,1.0,2026-08-01,DERIVED_FROM_EXISTING_HR_DATA
EMP519,93.9,84.33,84.64,64.0,38.0,33.33,3,2,37.5,4.62,100.0,1.0,2026-08-01,DERIVED_FROM_EXISTING_HR_DATA
EMP520,91.98,85.78,81.31,72.0,22.0,33.33,4,2,43.75,0.0,100.0,1.0,2026-08-01,DERIVED_FROM_EXISTING_HR_DATA
EMP521,89.98,76.36,75.79,64.0,35.0,33.33,3,2,25.0,0.0,96.9,1.0,2026-08-01,DERIVED_FROM_EXISTING_HR_DATA
EMP522,84.52,81.12,78.09,72.0,22.0,33.33,4,2,62.5,5.77,100.0,1.0,2026-08-01,DERIVED_FROM_EXISTING_HR_DATA
EMP523,93.03,83.4,84.91,100.0,0.0,0.0,5,3,31.25,0.58,100.0,1.0,2026-08-01,DERIVED_FROM_EXISTING_HR_DATA
EMP524,88.26,85.22,72.87,36.0,57.0,66.67,2,1,75.0,0.58,96.9,1.0,2026-08-01,DERIVED_FROM_EXISTING_HR_DATA
EMP525,76.79,66.27,55.03,44.0,45.0,66.67,3,1,31.25,0.0,98.5,1.0,2026-08-01,DERIVED_FROM_EXISTING_HR_DATA
EMP526,74.26,63.3,60.01,44.0,45.0,66.67,3,1,25.0,6.35,96.9,1.0,2026-08-01,DERIVED_FROM_EXISTING_HR_DATA
EMP527,67.54,56.15,66.31,56.0,53.0,33.33,2,2,25.0,4.62,93.8,1.0,2026-08-01,DERIVED_FROM_EXISTING_HR_DATA
EMP528,79.27,65.31,61.61,100.0,0.0,0.0,5,3,18.75,5.77,98.5,1.0,2026-08-01,DERIVED_FROM_EXISTING_HR_DATA
EMP529,76.6,60.08,59.45,64.0,40.0,33.33,3,2,0.0,5.2,93.8,1.0,2026-08-01,DERIVED_FROM_EXISTING_HR_DATA
EMP530,73.61,60.28,60.1,92.0,15.0,0.0,4,3,12.5,2.89,95.4,1.0,2026-08-01,DERIVED_FROM_EXISTING_HR_DATA
EMP531,74.64,59.37,55.0,44.0,42.0,66.67,3,1,0.0,4.62,100.0,1.0,2026-08-01,DERIVED_FROM_EXISTING_HR_DATA
EMP532,79.75,61.68,59.2,72.0,22.0,33.33,4,2,0.0,6.93,96.9,1.0,2026-08-01,DERIVED_FROM_EXISTING_HR_DATA
EMP533,74.86,58.58,61.23,72.0,22.0,33.33,4,2,0.0,0.0,100.0,1.0,2026-08-01,DERIVED_FROM_EXISTING_HR_DATA
EMP534,78.03,64.2,55.43,92.0,15.0,0.0,4,3,18.75,12.12,93.8,1.0,2026-08-01,DERIVED_FROM_EXISTING_HR_DATA
EMP535,72.53,65.68,52.09,64.0,37.0,33.33,3,2,43.75,16.17,93.8,1.0,2026-08-01,DERIVED_FROM_EXISTING_HR_DATA
EMP536,78.6,65.31,57.6,64.0,38.0,33.33,3,2,18.75,7.51,100.0,1.0,2026-08-01,DERIVED_FROM_EXISTING_HR_DATA
EMP537,80.17,76.53,58.61,36.0,65.0,66.67,2,1,75.0,1.73,96.9,1.0,2026-08-01,DERIVED_FROM_EXISTING_HR_DATA
EMP538,65.58,49.39,50.06,16.0,67.0,100.0,2,0,0.0,3.46,95.4,1.0,2026-08-01,DERIVED_FROM_EXISTING_HR_DATA
EMP539,64.53,48.92,55.7,44.0,45.0,66.67,3,1,0.0,7.51,95.4,1.0,2026-08-01,DERIVED_FROM_EXISTING_HR_DATA
EMP540,66.08,50.23,47.7,64.0,37.0,33.33,3,2,0.0,1.73,100.0,1.0,2026-08-01,DERIVED_FROM_EXISTING_HR_DATA
EMP541,88.36,75.06,80.1,44.0,42.0,66.67,3,1,37.5,19.63,95.4,1.0,2026-08-01,DERIVED_FROM_EXISTING_HR_DATA
EMP542,92.0,81.6,89.8,56.0,55.0,33.33,2,2,37.5,6.93,100.0,1.0,2026-08-01,DERIVED_FROM_EXISTING_HR_DATA
EMP543,87.95,77.46,86.51,44.0,45.0,66.67,3,1,50.0,7.51,98.5,1.0,2026-08-01,DERIVED_FROM_EXISTING_HR_DATA
EMP544,92.78,81.1,95.38,100.0,0.0,0.0,5,3,31.25,9.24,100.0,1.0,2026-08-01,DERIVED_FROM_EXISTING_HR_DATA
EMP545,92.75,79.63,94.23,100.0,0.0,0.0,5,3,25.0,13.86,98.5,1.0,2026-08-01,DERIVED_FROM_EXISTING_HR_DATA
EMP546,89.82,78.65,79.47,92.0,15.0,0.0,4,3,50.0,9.24,93.8,1.0,2026-08-01,DERIVED_FROM_EXISTING_HR_DATA
EMP547,92.06,78.7,88.03,36.0,57.0,66.67,2,1,25.0,14.43,95.4,1.0,2026-08-01,DERIVED_FROM_EXISTING_HR_DATA
EMP548,94.48,83.41,82.41,84.0,33.0,0.0,3,3,37.5,10.39,98.5,1.0,2026-08-01,DERIVED_FROM_EXISTING_HR_DATA
EMP549,94.96,86.4,84.29,64.0,40.0,33.33,3,2,50.0,13.86,100.0,1.0,2026-08-01,DERIVED_FROM_EXISTING_HR_DATA
EMP550,85.1,76.32,71.8,72.0,20.0,33.33,4,2,43.75,13.86,95.4,1.0,2026-08-01,DERIVED_FROM_EXISTING_HR_DATA
EMP551,84.05,77.55,73.21,72.0,22.0,33.33,4,2,56.25,12.12,100.0,1.0,2026-08-01,DERIVED_FROM_EXISTING_HR_DATA
EMP552,94.45,85.82,79.84,28.0,75.0,66.67,1,1,50.0,5.77,100.0,1.0,2026-08-01,DERIVED_FROM_EXISTING_HR_DATA
EMP553,93.92,79.19,63.88,72.0,20.0,33.33,4,2,18.75,13.28,96.9,1.0,2026-08-01,DERIVED_FROM_EXISTING_HR_DATA
EMP554,94.12,81.94,82.23,92.0,15.0,0.0,4,3,31.25,13.86,98.5,1.0,2026-08-01,DERIVED_FROM_EXISTING_HR_DATA
EMP555,91.78,79.31,75.11,36.0,60.0,66.67,2,1,43.75,4.04,100.0,1.0,2026-08-01,DERIVED_FROM_EXISTING_HR_DATA
EMP556,87.31,72.14,77.95,44.0,47.0,66.67,3,1,18.75,20.79,92.3,1.0,2026-08-01,DERIVED_FROM_EXISTING_HR_DATA
EMP557,83.79,75.39,72.51,44.0,47.0,66.67,3,1,43.75,17.32,100.0,1.0,2026-08-01,DERIVED_FROM_EXISTING_HR_DATA
EMP558,93.38,85.56,87.63,44.0,42.0,66.67,3,1,37.5,11.55,100.0,1.0,2026-08-01,DERIVED_FROM_EXISTING_HR_DATA
EMP559,91.08,77.69,87.86,72.0,22.0,33.33,4,2,12.5,15.59,100.0,1.0,2026-08-01,DERIVED_FROM_EXISTING_HR_DATA
EMP560,92.21,85.76,80.35,72.0,25.0,33.33,4,2,56.25,5.2,95.4,1.0,2026-08-01,DERIVED_FROM_EXISTING_HR_DATA
EMP561,92.6,90.66,82.21,64.0,37.0,33.33,3,2,68.75,19.05,98.5,1.0,2026-08-01,DERIVED_FROM_EXISTING_HR_DATA
EMP562,91.79,84.56,82.33,36.0,62.0,66.67,2,1,37.5,9.24,100.0,1.0,2026-08-01,DERIVED_FROM_EXISTING_HR_DATA
EMP563,86.88,74.17,81.02,92.0,18.0,0.0,4,3,25.0,5.77,96.9,1.0,2026-08-01,DERIVED_FROM_EXISTING_HR_DATA
EMP564,91.36,81.15,73.62,36.0,62.0,66.67,2,1,50.0,9.24,96.9,1.0,2026-08-01,DERIVED_FROM_EXISTING_HR_DATA
EMP565,93.98,93.76,87.7,64.0,37.0,33.33,3,2,81.25,17.32,98.5,1.0,2026-08-01,DERIVED_FROM_EXISTING_HR_DATA
EMP566,87.17,79.04,83.45,44.0,45.0,66.67,3,1,18.75,8.08,96.9,1.0,2026-08-01,DERIVED_FROM_EXISTING_HR_DATA
EMP567,88.92,84.89,84.64,64.0,43.0,33.33,3,2,50.0,17.32,95.4,1.0,2026-08-01,DERIVED_FROM_EXISTING_HR_DATA
EMP568,86.15,83.1,70.66,36.0,60.0,66.67,2,1,68.75,17.32,100.0,1.0,2026-08-01,DERIVED_FROM_EXISTING_HR_DATA
EMP569,82.99,80.12,60.13,100.0,0.0,0.0,5,3,56.25,13.86,98.5,1.0,2026-08-01,DERIVED_FROM_EXISTING_HR_DATA
EMP570,71.36,63.85,53.67,72.0,25.0,33.33,4,2,37.5,6.35,89.2,1.0,2026-08-01,DERIVED_FROM_EXISTING_HR_DATA
EMP571,79.55,63.92,58.98,72.0,20.0,33.33,4,2,12.5,17.9,100.0,1.0,2026-08-01,DERIVED_FROM_EXISTING_HR_DATA
EMP572,78.1,62.64,57.49,44.0,42.0,66.67,3,1,12.5,20.79,95.4,1.0,2026-08-01,DERIVED_FROM_EXISTING_HR_DATA
EMP573,77.51,67.45,64.85,44.0,47.0,66.67,3,1,37.5,6.35,93.8,1.0,2026-08-01,DERIVED_FROM_EXISTING_HR_DATA
EMP574,67.08,50.6,49.52,44.0,47.0,66.67,3,1,0.0,14.43,98.5,1.0,2026-08-01,DERIVED_FROM_EXISTING_HR_DATA
EMP575,77.02,61.71,63.78,36.0,65.0,66.67,2,1,12.5,0.0,93.8,1.0,2026-08-01,DERIVED_FROM_EXISTING_HR_DATA
EMP576,76.97,64.88,57.97,72.0,22.0,33.33,4,2,25.0,8.66,92.3,1.0,2026-08-01,DERIVED_FROM_EXISTING_HR_DATA
EMP577,78.45,62.0,60.99,64.0,35.0,33.33,3,2,6.25,8.08,95.4,1.0,2026-08-01,DERIVED_FROM_EXISTING_HR_DATA
EMP578,77.13,59.25,56.84,92.0,15.0,0.0,4,3,0.0,6.93,90.8,1.0,2026-08-01,DERIVED_FROM_EXISTING_HR_DATA
EMP579,74.97,61.12,52.93,8.0,85.0,100.0,1,0,12.5,13.86,100.0,1.0,2026-08-01,DERIVED_FROM_EXISTING_HR_DATA
EMP580,78.99,62.9,59.17,84.0,33.0,0.0,3,3,12.5,2.31,100.0,1.0,2026-08-01,DERIVED_FROM_EXISTING_HR_DATA
EMP581,76.94,58.94,56.01,64.0,40.0,33.33,3,2,0.0,5.2,98.5,1.0,2026-08-01,DERIVED_FROM_EXISTING_HR_DATA
EMP582,74.3,60.49,65.77,56.0,53.0,33.33,2,2,12.5,10.39,96.9,1.0,2026-08-01,DERIVED_FROM_EXISTING_HR_DATA
EMP583,63.45,48.62,48.41,64.0,35.0,33.33,3,2,0.0,3.46,100.0,1.0,2026-08-01,DERIVED_FROM_EXISTING_HR_DATA
EMP584,64.45,57.41,61.76,64.0,43.0,33.33,3,2,37.5,12.7,100.0,1.0,2026-08-01,DERIVED_FROM_EXISTING_HR_DATA
EMP585,67.03,63.68,57.45,100.0,0.0,0.0,5,3,62.5,15.59,100.0,1.0,2026-08-01,DERIVED_FROM_EXISTING_HR_DATA
EMP586,88.11,85.36,83.3,28.0,75.0,66.67,1,1,87.5,16.74,100.0,1.0,2026-08-01,DERIVED_FROM_EXISTING_HR_DATA
EMP587,88.39,79.24,82.4,100.0,0.0,0.0,5,3,56.25,7.51,100.0,1.0,2026-08-01,DERIVED_FROM_EXISTING_HR_DATA
EMP588,93.71,82.86,91.3,64.0,40.0,33.33,3,2,37.5,13.28,98.5,1.0,2026-08-01,DERIVED_FROM_EXISTING_HR_DATA
EMP589,93.65,85.25,90.22,64.0,40.0,33.33,3,2,50.0,10.97,96.9,1.0,2026-08-01,DERIVED_FROM_EXISTING_HR_DATA
EMP590,93.29,83.52,89.86,100.0,0.0,0.0,5,3,43.75,7.51,96.9,1.0,2026-08-01,DERIVED_FROM_EXISTING_HR_DATA
EMP591,91.96,82.71,88.7,44.0,47.0,66.67,3,1,43.75,12.12,100.0,1.0,2026-08-01,DERIVED_FROM_EXISTING_HR_DATA
EMP592,92.34,82.92,89.87,84.0,33.0,0.0,3,3,43.75,9.24,95.4,1.0,2026-08-01,DERIVED_FROM_EXISTING_HR_DATA
EMP593,94.55,85.92,79.92,92.0,18.0,0.0,4,3,50.0,16.17,100.0,1.0,2026-08-01,DERIVED_FROM_EXISTING_HR_DATA
EMP594,86.39,76.6,75.45,36.0,60.0,66.67,2,1,50.0,12.7,100.0,1.0,2026-08-01,DERIVED_FROM_EXISTING_HR_DATA
EMP595,89.65,74.67,73.47,64.0,38.0,33.33,3,2,31.25,17.32,92.3,1.0,2026-08-01,DERIVED_FROM_EXISTING_HR_DATA
EMP596,92.85,86.95,80.27,16.0,67.0,100.0,2,0,62.5,6.93,95.4,1.0,2026-08-01,DERIVED_FROM_EXISTING_HR_DATA
EMP597,89.33,71.06,72.04,44.0,45.0,66.67,3,1,12.5,7.51,98.5,1.0,2026-08-01,DERIVED_FROM_EXISTING_HR_DATA
EMP598,86.87,75.36,78.0,44.0,47.0,66.67,3,1,43.75,6.35,96.9,1.0,2026-08-01,DERIVED_FROM_EXISTING_HR_DATA
EMP599,95.47,80.19,81.86,36.0,57.0,66.67,2,1,18.75,16.74,95.4,1.0,2026-08-01,DERIVED_FROM_EXISTING_HR_DATA
EMP600,88.33,80.86,72.88,100.0,0.0,0.0,5,3,62.5,12.7,98.5,1.0,2026-08-01,DERIVED_FROM_EXISTING_HR_DATA
EMP601,86.28,76.1,79.08,100.0,0.0,0.0,5,3,37.5,0.0,100.0,1.0,2026-08-01,DERIVED_FROM_EXISTING_HR_DATA
EMP602,81.6,73.85,71.26,36.0,60.0,66.67,2,1,37.5,4.62,98.5,1.0,2026-08-01,DERIVED_FROM_EXISTING_HR_DATA
EMP603,92.49,79.26,84.61,100.0,0.0,0.0,5,3,12.5,17.9,100.0,1.0,2026-08-01,DERIVED_FROM_EXISTING_HR_DATA
EMP604,86.97,78.08,78.68,72.0,22.0,33.33,4,2,50.0,17.32,93.8,1.0,2026-08-01,DERIVED_FROM_EXISTING_HR_DATA
EMP605,89.75,79.71,72.97,56.0,53.0,33.33,2,2,43.75,5.2,96.9,1.0,2026-08-01,DERIVED_FROM_EXISTING_HR_DATA
EMP606,90.66,92.72,82.35,72.0,25.0,33.33,4,2,81.25,9.82,100.0,1.0,2026-08-01,DERIVED_FROM_EXISTING_HR_DATA
EMP607,85.33,79.76,73.49,72.0,25.0,33.33,4,2,56.25,15.01,100.0,1.0,2026-08-01,DERIVED_FROM_EXISTING_HR_DATA
EMP608,91.63,85.13,69.11,100.0,0.0,0.0,5,3,50.0,11.55,100.0,1.0,2026-08-01,DERIVED_FROM_EXISTING_HR_DATA
EMP609,86.4,79.96,59.48,92.0,15.0,0.0,4,3,56.25,5.2,100.0,1.0,2026-08-01,DERIVED_FROM_EXISTING_HR_DATA
EMP610,85.24,74.9,59.94,92.0,15.0,0.0,4,3,37.5,11.55,100.0,1.0,2026-08-01,DERIVED_FROM_EXISTING_HR_DATA
EMP611,88.82,79.6,79.9,64.0,35.0,33.33,3,2,25.0,22.52,96.9,1.0,2026-08-01,DERIVED_FROM_EXISTING_HR_DATA
EMP612,90.1,81.27,71.68,72.0,20.0,33.33,4,2,50.0,9.82,100.0,1.0,2026-08-01,DERIVED_FROM_EXISTING_HR_DATA
EMP613,85.14,84.04,76.44,44.0,47.0,66.67,3,1,81.25,9.82,95.4,1.0,2026-08-01,DERIVED_FROM_EXISTING_HR_DATA
EMP614,81.08,75.96,74.99,100.0,0.0,0.0,5,3,43.75,17.9,95.4,1.0,2026-08-01,DERIVED_FROM_EXISTING_HR_DATA
EMP615,78.42,65.04,57.92,84.0,33.0,0.0,3,3,25.0,10.97,93.8,1.0,2026-08-01,DERIVED_FROM_EXISTING_HR_DATA
EMP616,78.39,65.23,63.58,44.0,42.0,66.67,3,1,18.75,8.08,95.4,1.0,2026-08-01,DERIVED_FROM_EXISTING_HR_DATA
EMP617,64.58,49.44,48.6,44.0,42.0,66.67,3,1,0.0,8.08,95.4,1.0,2026-08-01,DERIVED_FROM_EXISTING_HR_DATA
EMP618,75.52,61.36,50.15,100.0,0.0,0.0,5,3,12.5,11.55,93.8,1.0,2026-08-01,DERIVED_FROM_EXISTING_HR_DATA
EMP619,77.36,63.68,63.29,64.0,40.0,33.33,3,2,18.75,8.66,100.0,1.0,2026-08-01,DERIVED_FROM_EXISTING_HR_DATA
EMP620,78.39,60.6,61.37,64.0,38.0,33.33,3,2,0.0,12.7,95.4,1.0,2026-08-01,DERIVED_FROM_EXISTING_HR_DATA
EMP621,76.82,63.72,53.01,64.0,40.0,33.33,3,2,18.75,12.7,96.9,1.0,2026-08-01,DERIVED_FROM_EXISTING_HR_DATA
EMP622,78.22,65.46,52.46,72.0,20.0,33.33,4,2,25.0,12.7,89.2,1.0,2026-08-01,DERIVED_FROM_EXISTING_HR_DATA
EMP623,74.2,57.94,62.73,64.0,37.0,33.33,3,2,0.0,5.2,95.4,1.0,2026-08-01,DERIVED_FROM_EXISTING_HR_DATA
EMP624,75.67,60.28,50.79,92.0,15.0,0.0,4,3,6.25,6.93,93.8,1.0,2026-08-01,DERIVED_FROM_EXISTING_HR_DATA
EMP625,75.71,62.8,50.78,72.0,20.0,33.33,4,2,18.75,9.82,95.4,1.0,2026-08-01,DERIVED_FROM_EXISTING_HR_DATA
EMP626,79.23,68.86,53.14,44.0,47.0,66.67,3,1,37.5,8.08,95.4,1.0,2026-08-01,DERIVED_FROM_EXISTING_HR_DATA
EMP627,76.98,59.8,63.2,100.0,0.0,0.0,5,3,0.0,1.15,98.5,1.0,2026-08-01,DERIVED_FROM_EXISTING_HR_DATA
EMP628,67.22,50.88,52.24,84.0,33.0,0.0,3,3,0.0,16.74,98.5,1.0,2026-08-01,DERIVED_FROM_EXISTING_HR_DATA
EMP629,66.6,52.82,65.12,56.0,58.0,33.33,2,2,12.5,8.66,96.9,1.0,2026-08-01,DERIVED_FROM_EXISTING_HR_DATA
EMP630,65.6,57.64,58.95,64.0,35.0,33.33,3,2,37.5,10.97,100.0,1.0,2026-08-01,DERIVED_FROM_EXISTING_HR_DATA
EMP631,92.64,76.77,87.97,64.0,43.0,33.33,3,2,12.5,12.7,98.5,1.0,2026-08-01,DERIVED_FROM_EXISTING_HR_DATA
EMP632,89.13,74.54,76.67,92.0,18.0,0.0,4,3,31.25,18.48,96.9,1.0,2026-08-01,DERIVED_FROM_EXISTING_HR_DATA
EMP633,92.52,83.19,92.07,64.0,38.0,33.33,3,2,43.75,1.73,98.5,1.0,2026-08-01,DERIVED_FROM_EXISTING_HR_DATA
EMP634,92.26,85.0,88.58,92.0,18.0,0.0,4,3,56.25,6.35,90.8,1.0,2026-08-01,DERIVED_FROM_EXISTING_HR_DATA
EMP635,87.61,77.33,81.39,100.0,0.0,0.0,5,3,50.0,13.86,96.9,1.0,2026-08-01,DERIVED_FROM_EXISTING_HR_DATA
EMP636,93.79,79.17,89.85,64.0,35.0,33.33,3,2,18.75,0.0,100.0,1.0,2026-08-01,DERIVED_FROM_EXISTING_HR_DATA
EMP637,93.43,83.66,91.47,92.0,18.0,0.0,4,3,43.75,2.31,95.4,1.0,2026-08-01,DERIVED_FROM_EXISTING_HR_DATA
EMP638,96.33,83.44,84.94,72.0,20.0,33.33,4,2,31.25,6.35,100.0,1.0,2026-08-01,DERIVED_FROM_EXISTING_HR_DATA
EMP639,89.41,71.14,71.1,44.0,47.0,66.67,3,1,12.5,5.2,100.0,1.0,2026-08-01,DERIVED_FROM_EXISTING_HR_DATA
EMP640,90.89,78.46,73.46,72.0,20.0,33.33,4,2,43.75,3.46,100.0,1.0,2026-08-01,DERIVED_FROM_EXISTING_HR_DATA
EMP641,92.05,81.73,66.41,64.0,43.0,33.33,3,2,25.0,6.93,98.5,1.0,2026-08-01,DERIVED_FROM_EXISTING_HR_DATA
EMP642,91.01,73.51,54.83,44.0,47.0,66.67,3,1,18.75,4.04,100.0,1.0,2026-08-01,DERIVED_FROM_EXISTING_HR_DATA
EMP643,95.74,81.92,81.71,44.0,45.0,66.67,3,1,25.0,6.93,100.0,1.0,2026-08-01,DERIVED_FROM_EXISTING_HR_DATA
EMP644,86.51,69.26,61.91,92.0,18.0,0.0,4,3,6.25,0.0,100.0,1.0,2026-08-01,DERIVED_FROM_EXISTING_HR_DATA
EMP645,91.78,84.75,85.97,64.0,38.0,33.33,3,2,43.75,5.2,100.0,1.0,2026-08-01,DERIVED_FROM_EXISTING_HR_DATA
EMP646,86.89,76.4,74.31,100.0,0.0,0.0,5,3,31.25,8.66,96.9,1.0,2026-08-01,DERIVED_FROM_EXISTING_HR_DATA
EMP647,86.38,82.88,67.34,100.0,0.0,0.0,5,3,37.5,1.73,98.5,1.0,2026-08-01,DERIVED_FROM_EXISTING_HR_DATA
EMP648,86.7,77.05,74.81,64.0,40.0,33.33,3,2,37.5,15.01,100.0,1.0,2026-08-01,DERIVED_FROM_EXISTING_HR_DATA
EMP649,88.17,73.9,73.32,44.0,47.0,66.67,3,1,18.75,0.0,96.9,1.0,2026-08-01,DERIVED_FROM_EXISTING_HR_DATA
EMP650,85.56,77.8,75.93,100.0,0.0,0.0,5,3,43.75,11.55,98.5,1.0,2026-08-01,DERIVED_FROM_EXISTING_HR_DATA
EMP651,92.49,83.31,86.39,100.0,0.0,0.0,5,3,31.25,6.35,93.8,1.0,2026-08-01,DERIVED_FROM_EXISTING_HR_DATA
EMP652,93.6,85.62,82.21,64.0,40.0,33.33,3,2,43.75,10.97,96.9,1.0,2026-08-01,DERIVED_FROM_EXISTING_HR_DATA
EMP653,81.78,71.95,77.26,72.0,25.0,33.33,4,2,25.0,7.51,95.4,1.0,2026-08-01,DERIVED_FROM_EXISTING_HR_DATA
EMP654,90.67,81.11,82.11,92.0,18.0,0.0,4,3,31.25,7.51,98.5,1.0,2026-08-01,DERIVED_FROM_EXISTING_HR_DATA
EMP655,88.16,84.92,74.62,72.0,25.0,33.33,4,2,68.75,0.0,98.5,1.0,2026-08-01,DERIVED_FROM_EXISTING_HR_DATA
EMP656,92.61,85.54,82.14,92.0,18.0,0.0,4,3,50.0,8.08,96.9,1.0,2026-08-01,DERIVED_FROM_EXISTING_HR_DATA
EMP657,87.31,80.19,55.7,72.0,25.0,33.33,4,2,50.0,8.08,93.8,1.0,2026-08-01,DERIVED_FROM_EXISTING_HR_DATA
EMP658,86.95,77.85,74.52,72.0,25.0,33.33,4,2,37.5,10.39,90.8,1.0,2026-08-01,DERIVED_FROM_EXISTING_HR_DATA
EMP659,95.82,90.09,81.76,72.0,25.0,33.33,4,2,62.5,0.0,96.9,1.0,2026-08-01,DERIVED_FROM_EXISTING_HR_DATA
EMP660,80.57,66.32,62.94,64.0,35.0,33.33,3,2,25.0,7.51,95.4,1.0,2026-08-01,DERIVED_FROM_EXISTING_HR_DATA
EMP661,76.45,72.89,60.71,64.0,40.0,33.33,3,2,62.5,3.46,96.9,1.0,2026-08-01,DERIVED_FROM_EXISTING_HR_DATA
EMP662,80.24,60.83,63.54,36.0,65.0,66.67,2,1,0.0,2.31,96.9,1.0,2026-08-01,DERIVED_FROM_EXISTING_HR_DATA
EMP663,79.45,69.78,57.4,72.0,22.0,33.33,4,2,50.0,4.62,93.8,1.0,2026-08-01,DERIVED_FROM_EXISTING_HR_DATA
EMP664,76.6,64.87,60.78,100.0,0.0,0.0,5,3,25.0,1.73,95.4,1.0,2026-08-01,DERIVED_FROM_EXISTING_HR_DATA
EMP665,76.67,64.98,57.88,64.0,40.0,33.33,3,2,25.0,6.93,93.8,1.0,2026-08-01,DERIVED_FROM_EXISTING_HR_DATA
EMP666,76.65,67.04,56.51,64.0,40.0,33.33,3,2,37.5,7.51,96.9,1.0,2026-08-01,DERIVED_FROM_EXISTING_HR_DATA
EMP667,72.67,65.26,54.77,72.0,25.0,33.33,4,2,37.5,13.28,92.3,1.0,2026-08-01,DERIVED_FROM_EXISTING_HR_DATA
EMP668,78.12,62.57,67.41,44.0,45.0,66.67,3,1,12.5,15.01,96.9,1.0,2026-08-01,DERIVED_FROM_EXISTING_HR_DATA
EMP669,78.68,63.14,52.59,72.0,20.0,33.33,4,2,12.5,6.35,93.8,1.0,2026-08-01,DERIVED_FROM_EXISTING_HR_DATA
EMP670,76.66,60.36,61.15,72.0,25.0,33.33,4,2,0.0,3.46,98.5,1.0,2026-08-01,DERIVED_FROM_EXISTING_HR_DATA
EMP671,78.74,69.76,57.34,64.0,35.0,33.33,3,2,37.5,0.58,96.9,1.0,2026-08-01,DERIVED_FROM_EXISTING_HR_DATA
EMP672,67.57,53.17,62.38,64.0,38.0,33.33,3,2,12.5,1.73,100.0,1.0,2026-08-01,DERIVED_FROM_EXISTING_HR_DATA
EMP673,67.07,53.86,53.11,100.0,0.0,0.0,5,3,12.5,17.32,96.9,1.0,2026-08-01,DERIVED_FROM_EXISTING_HR_DATA
EMP674,63.69,53.14,45.53,64.0,40.0,33.33,3,2,18.75,5.2,100.0,1.0,2026-08-01,DERIVED_FROM_EXISTING_HR_DATA
EMP675,64.39,57.48,45.55,44.0,45.0,66.67,3,1,43.75,2.31,96.9,1.0,2026-08-01,DERIVED_FROM_EXISTING_HR_DATA
EMP676,92.3,86.68,87.38,56.0,53.0,33.33,2,2,62.5,8.66,96.9,1.0,2026-08-01,DERIVED_FROM_EXISTING_HR_DATA
EMP677,87.82,83.65,83.46,92.0,18.0,0.0,4,3,81.25,8.66,96.9,1.0,2026-08-01,DERIVED_FROM_EXISTING_HR_DATA
EMP678,87.46,78.43,81.28,72.0,20.0,33.33,4,2,56.25,10.39,96.9,1.0,2026-08-01,DERIVED_FROM_EXISTING_HR_DATA
EMP679,90.72,85.04,93.62,72.0,20.0,33.33,4,2,62.5,1.15,89.2,1.0,2026-08-01,DERIVED_FROM_EXISTING_HR_DATA
EMP680,87.39,76.97,80.12,72.0,25.0,33.33,4,2,50.0,8.66,96.9,1.0,2026-08-01,DERIVED_FROM_EXISTING_HR_DATA
EMP681,93.31,77.47,89.5,72.0,20.0,33.33,4,2,12.5,1.15,100.0,1.0,2026-08-01,DERIVED_FROM_EXISTING_HR_DATA
EMP682,87.33,75.83,81.2,72.0,20.0,33.33,4,2,43.75,5.77,100.0,1.0,2026-08-01,DERIVED_FROM_EXISTING_HR_DATA
EMP683,88.65,76.62,75.01,36.0,62.0,66.67,2,1,43.75,5.77,95.4,1.0,2026-08-01,DERIVED_FROM_EXISTING_HR_DATA
EMP684,83.4,74.58,77.86,16.0,67.0,100.0,2,0,37.5,4.62,98.5,1.0,2026-08-01,DERIVED_FROM_EXISTING_HR_DATA
EMP685,94.05,81.6,83.49,72.0,22.0,33.33,4,2,31.25,2.31,95.4,1.0,2026-08-01,DERIVED_FROM_EXISTING_HR_DATA
EMP686,88.41,77.05,77.32,64.0,38.0,33.33,3,2,43.75,0.0,98.5,1.0,2026-08-01,DERIVED_FROM_EXISTING_HR_DATA
EMP687,86.64,81.52,69.92,36.0,65.0,66.67,2,1,75.0,4.62,96.9,1.0,2026-08-01,DERIVED_FROM_EXISTING_HR_DATA
EMP688,89.84,76.19,74.64,36.0,57.0,66.67,2,1,31.25,2.31,96.9,1.0,2026-08-01,DERIVED_FROM_EXISTING_HR_DATA
EMP689,94.81,83.44,80.96,44.0,45.0,66.67,3,1,37.5,0.0,100.0,1.0,2026-08-01,DERIVED_FROM_EXISTING_HR_DATA
EMP690,90.53,79.53,63.21,64.0,37.0,33.33,3,2,25.0,9.24,89.2,1.0,2026-08-01,DERIVED_FROM_EXISTING_HR_DATA
EMP691,87.48,87.35,81.14,56.0,53.0,33.33,2,2,68.75,5.77,89.2,1.0,2026-08-01,DERIVED_FROM_EXISTING_HR_DATA
EMP692,83.89,83.28,58.66,100.0,0.0,0.0,5,3,75.0,2.31,95.4,1.0,2026-08-01,DERIVED_FROM_EXISTING_HR_DATA
EMP693,91.18,80.91,66.78,100.0,0.0,0.0,5,3,25.0,8.08,96.9,1.0,2026-08-01,DERIVED_FROM_EXISTING_HR_DATA
EMP694,94.51,91.06,84.51,100.0,0.0,0.0,5,3,62.5,7.51,100.0,1.0,2026-08-01,DERIVED_FROM_EXISTING_HR_DATA
EMP695,90.1,85.95,83.48,100.0,0.0,0.0,5,3,56.25,15.59,96.9,1.0,2026-08-01,DERIVED_FROM_EXISTING_HR_DATA
EMP696,86.29,80.25,74.92,72.0,22.0,33.33,4,2,50.0,1.73,96.9,1.0,2026-08-01,DERIVED_FROM_EXISTING_HR_DATA
EMP697,83.76,73.14,74.21,92.0,18.0,0.0,4,3,31.25,11.55,100.0,1.0,2026-08-01,DERIVED_FROM_EXISTING_HR_DATA
EMP698,90.09,79.58,75.35,64.0,40.0,33.33,3,2,43.75,0.0,100.0,1.0,2026-08-01,DERIVED_FROM_EXISTING_HR_DATA
EMP699,91.31,81.17,56.47,100.0,0.0,0.0,5,3,56.25,9.24,98.5,1.0,2026-08-01,DERIVED_FROM_EXISTING_HR_DATA
EMP700,94.36,88.36,80.86,72.0,20.0,33.33,4,2,62.5,9.24,100.0,1.0,2026-08-01,DERIVED_FROM_EXISTING_HR_DATA
EMP701,82.97,74.86,74.58,36.0,57.0,66.67,2,1,37.5,0.0,100.0,1.0,2026-08-01,DERIVED_FROM_EXISTING_HR_DATA
EMP702,81.62,73.29,74.36,72.0,20.0,33.33,4,2,37.5,15.59,95.4,1.0,2026-08-01,DERIVED_FROM_EXISTING_HR_DATA
EMP703,84.04,78.54,75.02,92.0,18.0,0.0,4,3,50.0,10.39,98.5,1.0,2026-08-01,DERIVED_FROM_EXISTING_HR_DATA
EMP704,88.7,86.66,84.01,56.0,55.0,33.33,2,2,50.0,3.46,98.5,1.0,2026-08-01,DERIVED_FROM_EXISTING_HR_DATA
EMP705,77.16,63.5,56.69,72.0,20.0,33.33,4,2,18.75,6.93,95.4,1.0,2026-08-01,DERIVED_FROM_EXISTING_HR_DATA
EMP706,79.34,63.83,56.92,92.0,18.0,0.0,4,3,6.25,10.97,98.5,1.0,2026-08-01,DERIVED_FROM_EXISTING_HR_DATA
EMP707,74.9,67.47,64.35,92.0,15.0,0.0,4,3,43.75,5.77,96.9,1.0,2026-08-01,DERIVED_FROM_EXISTING_HR_DATA
EMP708,74.99,62.55,55.96,44.0,47.0,66.67,3,1,18.75,12.12,92.3,1.0,2026-08-01,DERIVED_FROM_EXISTING_HR_DATA
EMP709,77.92,62.49,59.34,44.0,45.0,66.67,3,1,6.25,0.0,100.0,1.0,2026-08-01,DERIVED_FROM_EXISTING_HR_DATA
EMP710,78.14,60.72,65.47,28.0,78.0,66.67,1,1,0.0,12.12,92.3,1.0,2026-08-01,DERIVED_FROM_EXISTING_HR_DATA
EMP711,78.54,63.88,63.47,72.0,22.0,33.33,4,2,12.5,0.58,98.5,1.0,2026-08-01,DERIVED_FROM_EXISTING_HR_DATA
EMP712,75.99,64.54,60.51,92.0,15.0,0.0,4,3,25.0,2.89,95.4,1.0,2026-08-01,DERIVED_FROM_EXISTING_HR_DATA
EMP713,81.6,64.84,54.9,100.0,0.0,0.0,5,3,12.5,1.15,96.9,1.0,2026-08-01,DERIVED_FROM_EXISTING_HR_DATA
EMP714,78.78,67.41,46.48,64.0,40.0,33.33,3,2,37.5,2.89,95.4,1.0,2026-08-01,DERIVED_FROM_EXISTING_HR_DATA
EMP715,78.16,63.68,57.82,72.0,20.0,33.33,4,2,12.5,5.77,98.5,1.0,2026-08-01,DERIVED_FROM_EXISTING_HR_DATA
EMP716,79.9,66.76,56.26,84.0,33.0,0.0,3,3,25.0,8.66,98.5,1.0,2026-08-01,DERIVED_FROM_EXISTING_HR_DATA
EMP717,76.96,61.05,57.7,92.0,18.0,0.0,4,3,6.25,0.0,98.5,1.0,2026-08-01,DERIVED_FROM_EXISTING_HR_DATA
EMP718,65.78,57.17,56.3,64.0,40.0,33.33,3,2,37.5,5.77,93.8,1.0,2026-08-01,DERIVED_FROM_EXISTING_HR_DATA
EMP719,66.71,50.87,49.75,72.0,22.0,33.33,4,2,0.0,13.86,96.9,1.0,2026-08-01,DERIVED_FROM_EXISTING_HR_DATA
EMP720,63.72,50.48,51.91,72.0,22.0,33.33,4,2,6.25,32.33,100.0,1.0,2026-08-01,DERIVED_FROM_EXISTING_HR_DATA
