Department_Budget_Record_ID,Budget_Month,Department_ID,Department_Name,Cost_Center_ID,Budgeted_Position_Count,Approved_Salary_and_Benefits_Budget,Recruitment_Budget,Training_and_Development_Budget,Overtime_Budget,Workforce_Contingency_Budget,Total_Approved_People_Budget,Actual_Salary_Cost,Actual_Benefits_Cost,Actual_Recruitment_Cost,Actual_Training_Cost,Actual_Overtime_Cost,Total_Actual_People_Cost,Remaining_People_Budget,Budget_Utilization_Percentage,Budget_Status,Budget_Currency,Data_As_Of_Date
DEPARTMENT-BUDGET-0001,2024-09-01,DEPARTMENT-001,HR,COST-CENTER-HR,43,7591888,0,43000,151837,227756,8014481,6073511,1214702,0,38534,164700,7491447,523034,93.47,Watch,PKR,2024-09-28
DEPARTMENT-BUDGET-0002,2024-10-01,DEPARTMENT-001,HR,COST-CENTER-HR,43,7591888,0,43000,151837,227756,8014481,6073511,1214702,0,42662,126141,7457016,557465,93.04,Watch,PKR,2024-10-28
DEPARTMENT-BUDGET-0003,2024-11-01,DEPARTMENT-001,HR,COST-CENTER-HR,43,7591888,11299,42000,148306,227756,8021249,5932266,1186453,9985,39515,137839,7306058,715191,91.08,Within Budget,PKR,2024-11-28
DEPARTMENT-BUDGET-0004,2024-12-01,DEPARTMENT-001,HR,COST-CENTER-HR,43,7591888,0,44000,155368,227756,8019012,6214755,1242951,0,35373,133677,7626756,392256,95.11,Watch,PKR,2024-12-28
DEPARTMENT-BUDGET-0005,2025-01-01,DEPARTMENT-001,HR,COST-CENTER-HR,43,8199240,0,44000,155368,245977,8644585,6711936,1342387,0,43898,146132,8244353,400232,95.37,Watch,PKR,2025-01-28
DEPARTMENT-BUDGET-0006,2025-02-01,DEPARTMENT-001,HR,COST-CENTER-HR,43,8199240,0,44000,155368,245977,8644585,6711936,1342387,0,32534,141519,8228376,416209,95.19,Watch,PKR,2025-02-28
DEPARTMENT-BUDGET-0007,2025-03-01,DEPARTMENT-001,HR,COST-CENTER-HR,43,8199240,0,43000,151837,245977,8640054,6559392,1311878,0,29268,176989,8077527,562527,93.49,Watch,PKR,2025-03-28
DEPARTMENT-BUDGET-0008,2025-04-01,DEPARTMENT-001,HR,COST-CENTER-HR,43,8199240,0,44000,155368,245977,8644585,6711936,1342387,0,29798,157572,8241693,402892,95.34,Watch,PKR,2025-04-28
DEPARTMENT-BUDGET-0009,2025-05-01,DEPARTMENT-001,HR,COST-CENTER-HR,43,8199240,0,43000,151837,245977,8640054,6559392,1311878,0,32300,138847,8042417,597637,93.08,Watch,PKR,2025-05-28
DEPARTMENT-BUDGET-0010,2025-06-01,DEPARTMENT-001,HR,COST-CENTER-HR,43,8199240,0,44000,155368,245977,8644585,6711936,1342387,0,32863,124215,8211401,433184,94.99,Watch,PKR,2025-06-28
DEPARTMENT-BUDGET-0011,2025-07-01,DEPARTMENT-001,HR,COST-CENTER-HR,43,8199240,0,45000,158900,245977,8649117,6864480,1372896,0,28054,151164,8416594,232523,97.31,Watch,PKR,2025-07-28
DEPARTMENT-BUDGET-0012,2025-08-01,DEPARTMENT-001,HR,COST-CENTER-HR,43,8199240,0,44000,155368,245977,8644585,6711936,1342387,0,39740,151624,8245687,398898,95.39,Watch,PKR,2025-08-28
DEPARTMENT-BUDGET-0013,2025-09-01,DEPARTMENT-001,HR,COST-CENTER-HR,43,8199240,0,43000,151837,245977,8640054,6559392,1311878,0,37222,166452,8074944,565110,93.46,Watch,PKR,2025-09-28
DEPARTMENT-BUDGET-0014,2025-10-01,DEPARTMENT-001,HR,COST-CENTER-HR,43,8199240,0,44000,155368,245977,8644585,6711936,1342387,0,35255,149327,8238905,405680,95.31,Watch,PKR,2025-10-28
DEPARTMENT-BUDGET-0015,2025-11-01,DEPARTMENT-001,HR,COST-CENTER-HR,43,8199240,0,44000,155368,245977,8644585,6711936,1342387,0,39873,118543,8212739,431846,95.0,Watch,PKR,2025-11-28
DEPARTMENT-BUDGET-0016,2025-12-01,DEPARTMENT-001,HR,COST-CENTER-HR,43,8199240,0,44000,155368,245977,8644585,6711936,1342387,0,34318,122300,8210941,433644,94.98,Watch,PKR,2025-12-28
DEPARTMENT-BUDGET-0017,2026-01-01,DEPARTMENT-001,HR,COST-CENTER-HR,44,9011395,0,44000,155368,270341,9481104,7209116,1441823,0,39436,157980,8848355,632749,93.33,Watch,PKR,2026-01-28
DEPARTMENT-BUDGET-0018,2026-02-01,DEPARTMENT-001,HR,COST-CENTER-HR,44,9011395,0,44000,155368,270341,9481104,7209116,1441823,0,39328,183520,8873787,607317,93.59,Watch,PKR,2026-02-28
DEPARTMENT-BUDGET-0019,2026-03-01,DEPARTMENT-001,HR,COST-CENTER-HR,44,9011395,0,45000,158900,270341,9485636,7372959,1474591,0,38088,137180,9022818,462818,95.12,Watch,PKR,2026-03-28
DEPARTMENT-BUDGET-0020,2026-04-01,DEPARTMENT-001,HR,COST-CENTER-HR,44,9011395,0,46000,162431,270341,9490167,7536803,1507360,0,40887,173624,9258674,231493,97.56,Watch,PKR,2026-04-28
DEPARTMENT-BUDGET-0021,2026-05-01,DEPARTMENT-001,HR,COST-CENTER-HR,44,9011395,0,46000,162431,270341,9490167,7536803,1507360,0,36664,171877,9252704,237463,97.5,Watch,PKR,2026-05-28
DEPARTMENT-BUDGET-0022,2026-06-01,DEPARTMENT-001,HR,COST-CENTER-HR,44,9011395,0,45000,158900,270341,9485636,7372959,1474591,0,28163,154231,9029944,455692,95.2,Watch,PKR,2026-06-28
DEPARTMENT-BUDGET-0023,2026-07-01,DEPARTMENT-001,HR,COST-CENTER-HR,44,9011395,0,45000,158900,270341,9485636,7372959,1474591,0,32698,119282,8999530,486106,94.88,Watch,PKR,2026-07-28
DEPARTMENT-BUDGET-0024,2026-08-01,DEPARTMENT-001,HR,COST-CENTER-HR,44,9011395,0,45000,158900,270341,9485636,7372959,1474591,0,39285,182249,9069084,416552,95.61,Watch,PKR,2026-08-01
DEPARTMENT-BUDGET-0025,2024-09-01,DEPARTMENT-002,Finance,COST-CENTER-FIN,46,9303500,38832,43000,173935,279105,9838372,6957400,1391480,25789,30806,160798,8566273,1272099,87.07,Within Budget,PKR,2024-09-28
DEPARTMENT-BUDGET-0026,2024-10-01,DEPARTMENT-002,Finance,COST-CENTER-FIN,46,9303500,64720,41000,165845,279105,9854170,6633800,1326760,34457,32912,197252,8225181,1628989,83.47,Within Budget,PKR,2024-10-28
DEPARTMENT-BUDGET-0027,2024-11-01,DEPARTMENT-002,Finance,COST-CENTER-FIN,46,9303500,51776,42000,169890,279105,9846271,6795600,1359120,16583,26510,199893,8397706,1448565,85.29,Within Budget,PKR,2024-11-28
DEPARTMENT-BUDGET-0028,2024-12-01,DEPARTMENT-002,Finance,COST-CENTER-FIN,46,9303500,51776,42000,169890,279105,9846271,6795600,1359120,29383,32009,176382,8392494,1453777,85.24,Within Budget,PKR,2024-12-28
DEPARTMENT-BUDGET-0029,2025-01-01,DEPARTMENT-002,Finance,COST-CENTER-FIN,46,10047780,38832,43000,173935,301433,10604980,7513992,1502798,12364,37546,144871,9211571,1393409,86.86,Within Budget,PKR,2025-01-28
DEPARTMENT-BUDGET-0030,2025-02-01,DEPARTMENT-002,Finance,COST-CENTER-FIN,46,10047780,38832,43000,173935,301433,10604980,7513992,1502798,23226,30051,154542,9224609,1380371,86.98,Within Budget,PKR,2025-02-28
DEPARTMENT-BUDGET-0031,2025-03-01,DEPARTMENT-002,Finance,COST-CENTER-FIN,46,10047780,38832,43000,173935,301433,10604980,7513992,1502798,34130,36539,131851,9219310,1385670,86.93,Within Budget,PKR,2025-03-28
DEPARTMENT-BUDGET-0032,2025-04-01,DEPARTMENT-002,Finance,COST-CENTER-FIN,46,10047780,38832,43000,173935,301433,10604980,7513992,1502798,30037,40799,192048,9279674,1325306,87.5,Within Budget,PKR,2025-04-28
DEPARTMENT-BUDGET-0033,2025-05-01,DEPARTMENT-002,Finance,COST-CENTER-FIN,46,10047780,38832,43000,173935,301433,10604980,7513992,1502798,16557,39527,182552,9255426,1349554,87.27,Within Budget,PKR,2025-05-28
DEPARTMENT-BUDGET-0034,2025-06-01,DEPARTMENT-002,Finance,COST-CENTER-FIN,46,10047780,25888,44000,177980,301433,10597081,7688736,1537747,18049,29836,171057,9445425,1151656,89.13,Within Budget,PKR,2025-06-28
DEPARTMENT-BUDGET-0035,2025-07-01,DEPARTMENT-002,Finance,COST-CENTER-FIN,46,10047780,38832,43000,173935,301433,10604980,7513992,1502798,25804,27954,174056,9244604,1360376,87.17,Within Budget,PKR,2025-07-28
DEPARTMENT-BUDGET-0036,2025-08-01,DEPARTMENT-002,Finance,COST-CENTER-FIN,46,10047780,51776,42000,169890,301433,10612879,7339248,1467849,28857,41437,178551,9055942,1556937,85.33,Within Budget,PKR,2025-08-28
DEPARTMENT-BUDGET-0037,2025-09-01,DEPARTMENT-002,Finance,COST-CENTER-FIN,46,10047780,25888,44000,177980,301433,10597081,7688736,1537747,21069,27659,185450,9460661,1136420,89.28,Within Budget,PKR,2025-09-28
DEPARTMENT-BUDGET-0038,2025-10-01,DEPARTMENT-002,Finance,COST-CENTER-FIN,46,10047780,25888,44000,177980,301433,10597081,7688736,1537747,9467,42624,151635,9430209,1166872,88.99,Within Budget,PKR,2025-10-28
DEPARTMENT-BUDGET-0039,2025-11-01,DEPARTMENT-002,Finance,COST-CENTER-FIN,46,10047780,25888,44000,177980,301433,10597081,7688736,1537747,13437,30864,169499,9440283,1156798,89.08,Within Budget,PKR,2025-11-28
DEPARTMENT-BUDGET-0040,2025-12-01,DEPARTMENT-002,Finance,COST-CENTER-FIN,46,10047780,12944,45000,182025,301433,10589182,7863480,1572696,11031,41138,149020,9637365,951817,91.01,Within Budget,PKR,2025-12-28
DEPARTMENT-BUDGET-0041,2026-01-01,DEPARTMENT-002,Finance,COST-CENTER-FIN,47,11026670,25888,45000,182025,330800,11610383,8445960,1689192,8603,33234,140506,10317495,1292888,88.86,Within Budget,PKR,2026-01-28
DEPARTMENT-BUDGET-0042,2026-02-01,DEPARTMENT-002,Finance,COST-CENTER-FIN,47,11026670,38832,44000,177980,330800,11618282,8258271,1651654,21473,33700,160877,10125975,1492307,87.16,Within Budget,PKR,2026-02-28
DEPARTMENT-BUDGET-0043,2026-03-01,DEPARTMENT-002,Finance,COST-CENTER-FIN,47,11026670,25888,45000,182025,330800,11610383,8445960,1689192,9021,37798,169683,10351654,1258729,89.16,Within Budget,PKR,2026-03-28
DEPARTMENT-BUDGET-0044,2026-04-01,DEPARTMENT-002,Finance,COST-CENTER-FIN,47,11026670,25888,45000,182025,330800,11610383,8445960,1689192,19654,40700,169680,10365186,1245197,89.28,Within Budget,PKR,2026-04-28
DEPARTMENT-BUDGET-0045,2026-05-01,DEPARTMENT-002,Finance,COST-CENTER-FIN,47,11026670,25888,45000,182025,330800,11610383,8445960,1689192,21102,34985,158107,10349346,1261037,89.14,Within Budget,PKR,2026-05-28
DEPARTMENT-BUDGET-0046,2026-06-01,DEPARTMENT-002,Finance,COST-CENTER-FIN,47,11026670,25888,45000,182025,330800,11610383,8445960,1689192,14308,42136,183845,10375441,1234942,89.36,Within Budget,PKR,2026-06-28
DEPARTMENT-BUDGET-0047,2026-07-01,DEPARTMENT-002,Finance,COST-CENTER-FIN,47,11026670,12944,46000,186070,330800,11602484,8633648,1726729,11348,30618,152340,10554683,1047801,90.97,Within Budget,PKR,2026-07-28
DEPARTMENT-BUDGET-0048,2026-08-01,DEPARTMENT-002,Finance,COST-CENTER-FIN,47,11026670,25888,45000,182025,330800,11610383,8445960,1689192,15929,36911,196355,10384347,1226036,89.44,Within Budget,PKR,2026-08-01
DEPARTMENT-BUDGET-0049,2024-09-01,DEPARTMENT-003,Sales,COST-CENTER-SAL,49,7622222,99555,39000,121333,228666,8110776,4853333,970666,49505,28274,121874,6023652,2087124,74.27,Within Budget,PKR,2024-09-28
DEPARTMENT-BUDGET-0050,2024-10-01,DEPARTMENT-003,Sales,COST-CENTER-SAL,49,7622222,89600,40000,124444,228666,8104932,4977777,995555,33370,34047,111284,6152033,1952899,75.9,Within Budget,PKR,2024-10-28
DEPARTMENT-BUDGET-0051,2024-11-01,DEPARTMENT-003,Sales,COST-CENTER-SAL,49,7622222,69688,42000,130666,228666,8093242,5226666,1045333,48755,41849,125706,6488309,1604933,80.17,Within Budget,PKR,2024-11-28
DEPARTMENT-BUDGET-0052,2024-12-01,DEPARTMENT-003,Sales,COST-CENTER-SAL,49,7622222,59733,43000,133777,228666,8087398,5351111,1070222,37744,29652,120743,6609472,1477926,81.73,Within Budget,PKR,2024-12-28
DEPARTMENT-BUDGET-0053,2025-01-01,DEPARTMENT-003,Sales,COST-CENTER-SAL,49,8232000,89600,40000,124444,246960,8733004,5376000,1075200,32983,33408,120425,6638016,2094988,76.01,Within Budget,PKR,2025-01-28
DEPARTMENT-BUDGET-0054,2025-02-01,DEPARTMENT-003,Sales,COST-CENTER-SAL,49,8232000,89600,40000,124444,246960,8733004,5376000,1075200,32970,27864,138329,6650363,2082641,76.15,Within Budget,PKR,2025-02-28
DEPARTMENT-BUDGET-0055,2025-03-01,DEPARTMENT-003,Sales,COST-CENTER-SAL,49,8232000,89600,40000,124444,246960,8733004,5376000,1075200,33226,34919,120358,6639703,2093301,76.03,Within Budget,PKR,2025-03-28
DEPARTMENT-BUDGET-0056,2025-04-01,DEPARTMENT-003,Sales,COST-CENTER-SAL,49,8232000,79644,41000,127555,246960,8727159,5510400,1102080,35677,37468,126909,6812534,1914625,78.06,Within Budget,PKR,2025-04-28
DEPARTMENT-BUDGET-0057,2025-05-01,DEPARTMENT-003,Sales,COST-CENTER-SAL,49,8232000,69688,42000,130666,246960,8721314,5644800,1128960,62570,32914,116853,6986097,1735217,80.1,Within Budget,PKR,2025-05-28
DEPARTMENT-BUDGET-0058,2025-06-01,DEPARTMENT-003,Sales,COST-CENTER-SAL,49,8232000,69688,42000,130666,246960,8721314,5644800,1128960,31647,40701,156430,7002538,1718776,80.29,Within Budget,PKR,2025-06-28
DEPARTMENT-BUDGET-0059,2025-07-01,DEPARTMENT-003,Sales,COST-CENTER-SAL,49,8232000,69688,42000,130666,246960,8721314,5644800,1128960,24414,28070,99862,6926106,1795208,79.42,Within Budget,PKR,2025-07-28
DEPARTMENT-BUDGET-0060,2025-08-01,DEPARTMENT-003,Sales,COST-CENTER-SAL,49,8232000,69688,42000,130666,246960,8721314,5644800,1128960,62551,34854,133280,7004445,1716869,80.31,Within Budget,PKR,2025-08-28
DEPARTMENT-BUDGET-0061,2025-09-01,DEPARTMENT-003,Sales,COST-CENTER-SAL,49,8232000,69688,42000,130666,246960,8721314,5644800,1128960,32551,36100,146015,6988426,1732888,80.13,Within Budget,PKR,2025-09-28
DEPARTMENT-BUDGET-0062,2025-10-01,DEPARTMENT-003,Sales,COST-CENTER-SAL,49,8232000,59733,43000,133777,246960,8715470,5779200,1155840,28347,40777,156857,7161021,1554449,82.16,Within Budget,PKR,2025-10-28
DEPARTMENT-BUDGET-0063,2025-11-01,DEPARTMENT-003,Sales,COST-CENTER-SAL,49,8232000,49777,44000,136888,246960,8709625,5913600,1182720,28112,30124,122446,7277002,1432623,83.55,Within Budget,PKR,2025-11-28
DEPARTMENT-BUDGET-0064,2025-12-01,DEPARTMENT-003,Sales,COST-CENTER-SAL,49,8232000,39822,45000,140000,246960,8703782,6048000,1209600,21739,40743,162335,7482417,1221365,85.97,Within Budget,PKR,2025-12-28
DEPARTMENT-BUDGET-0065,2026-01-01,DEPARTMENT-003,Sales,COST-CENTER-SAL,50,9022222,79644,42000,130666,270666,9545198,6062933,1212586,24227,33250,133052,7466048,2079150,78.22,Within Budget,PKR,2026-01-28
DEPARTMENT-BUDGET-0066,2026-02-01,DEPARTMENT-003,Sales,COST-CENTER-SAL,50,9022222,79644,42000,130666,270666,9545198,6062933,1212586,64738,35653,113829,7489739,2055459,78.47,Within Budget,PKR,2026-02-28
DEPARTMENT-BUDGET-0067,2026-03-01,DEPARTMENT-003,Sales,COST-CENTER-SAL,50,9022222,69688,43000,133777,270666,9539353,6207288,1241457,21374,38779,121905,7630803,1908550,79.99,Within Budget,PKR,2026-03-28
DEPARTMENT-BUDGET-0068,2026-04-01,DEPARTMENT-003,Sales,COST-CENTER-SAL,50,9022222,49777,45000,140000,270666,9527665,6496000,1299200,22210,40946,163833,8022189,1505476,84.2,Within Budget,PKR,2026-04-28
DEPARTMENT-BUDGET-0069,2026-05-01,DEPARTMENT-003,Sales,COST-CENTER-SAL,50,9022222,59733,44000,136888,270666,9533509,6351644,1270328,34047,35151,143041,7834211,1699298,82.18,Within Budget,PKR,2026-05-28
DEPARTMENT-BUDGET-0070,2026-06-01,DEPARTMENT-003,Sales,COST-CENTER-SAL,50,9022222,49777,45000,140000,270666,9527665,6496000,1299200,37590,32288,124693,7989771,1537894,83.86,Within Budget,PKR,2026-06-28
DEPARTMENT-BUDGET-0071,2026-07-01,DEPARTMENT-003,Sales,COST-CENTER-SAL,50,9022222,59733,44000,136888,270666,9533509,6351644,1270328,52573,38739,107871,7821155,1712354,82.04,Within Budget,PKR,2026-07-28
DEPARTMENT-BUDGET-0072,2026-08-01,DEPARTMENT-003,Sales,COST-CENTER-SAL,50,9022222,49777,45000,140000,270666,9527665,6496000,1299200,25056,30535,134738,7985529,1542136,83.81,Within Budget,PKR,2026-08-01
DEPARTMENT-BUDGET-0073,2024-09-01,DEPARTMENT-004,Customer Support,COST-CENTER-CS,48,6080000,64853,40000,101333,182400,6468586,4053333,810666,47392,35579,97484,5044454,1424132,77.98,Within Budget,PKR,2024-09-28
DEPARTMENT-BUDGET-0074,2024-10-01,DEPARTMENT-004,Customer Support,COST-CENTER-CS,48,6080000,56746,41000,103866,182400,6464012,4154666,830933,40002,39251,85383,5150235,1313777,79.68,Within Budget,PKR,2024-10-28
DEPARTMENT-BUDGET-0075,2024-11-01,DEPARTMENT-004,Customer Support,COST-CENTER-CS,48,6080000,48640,42000,106400,182400,6459440,4256000,851200,20181,34159,112941,5274481,1184959,81.66,Within Budget,PKR,2024-11-28
DEPARTMENT-BUDGET-0076,2024-12-01,DEPARTMENT-004,Customer Support,COST-CENTER-CS,48,6080000,24320,45000,114000,182400,6445720,4560000,912000,20320,42882,128114,5663316,782404,87.86,Within Budget,PKR,2024-12-28
DEPARTMENT-BUDGET-0077,2025-01-01,DEPARTMENT-004,Customer Support,COST-CENTER-CS,48,6566400,48640,42000,106400,196992,6960432,4596480,919296,22237,33066,102460,5673539,1286893,81.51,Within Budget,PKR,2025-01-28
DEPARTMENT-BUDGET-0078,2025-02-01,DEPARTMENT-004,Customer Support,COST-CENTER-CS,48,6566400,56746,41000,103866,196992,6965004,4487040,897408,33158,26101,87676,5531383,1433621,79.42,Within Budget,PKR,2025-02-28
DEPARTMENT-BUDGET-0079,2025-03-01,DEPARTMENT-004,Customer Support,COST-CENTER-CS,48,6566400,64853,40000,101333,196992,6969578,4377600,875520,54386,25909,99991,5433406,1536172,77.96,Within Budget,PKR,2025-03-28
DEPARTMENT-BUDGET-0080,2025-04-01,DEPARTMENT-004,Customer Support,COST-CENTER-CS,48,6566400,48640,42000,106400,196992,6960432,4596480,919296,29871,33202,84168,5663017,1297415,81.36,Within Budget,PKR,2025-04-28
DEPARTMENT-BUDGET-0081,2025-05-01,DEPARTMENT-004,Customer Support,COST-CENTER-CS,48,6566400,56746,41000,103866,196992,6965004,4487040,897408,45313,39831,101414,5571006,1393998,79.99,Within Budget,PKR,2025-05-28
DEPARTMENT-BUDGET-0082,2025-06-01,DEPARTMENT-004,Customer Support,COST-CENTER-CS,48,6566400,32426,44000,111466,196992,6951284,4815360,963072,15418,28599,110628,5933077,1018207,85.35,Within Budget,PKR,2025-06-28
DEPARTMENT-BUDGET-0083,2025-07-01,DEPARTMENT-004,Customer Support,COST-CENTER-CS,48,6566400,48640,42000,106400,196992,6960432,4596480,919296,39083,28262,86228,5669349,1291083,81.45,Within Budget,PKR,2025-07-28
DEPARTMENT-BUDGET-0084,2025-08-01,DEPARTMENT-004,Customer Support,COST-CENTER-CS,48,6566400,40533,43000,108933,196992,6955858,4705920,941184,19462,31929,98658,5797153,1158705,83.34,Within Budget,PKR,2025-08-28
DEPARTMENT-BUDGET-0085,2025-09-01,DEPARTMENT-004,Customer Support,COST-CENTER-CS,48,6566400,40533,43000,108933,196992,6955858,4705920,941184,15907,37696,81809,5782516,1173342,83.13,Within Budget,PKR,2025-09-28
DEPARTMENT-BUDGET-0086,2025-10-01,DEPARTMENT-004,Customer Support,COST-CENTER-CS,48,6566400,32426,44000,111466,196992,6951284,4815360,963072,27792,35052,127987,5969263,982021,85.87,Within Budget,PKR,2025-10-28
DEPARTMENT-BUDGET-0087,2025-11-01,DEPARTMENT-004,Customer Support,COST-CENTER-CS,48,6566400,32426,44000,111466,196992,6951284,4815360,963072,15568,30400,86499,5910899,1040385,85.03,Within Budget,PKR,2025-11-28
DEPARTMENT-BUDGET-0088,2025-12-01,DEPARTMENT-004,Customer Support,COST-CENTER-CS,48,6566400,16213,46000,116533,196992,6942138,5034240,1006848,13396,41351,130839,6226674,715464,89.69,Within Budget,PKR,2025-12-28
DEPARTMENT-BUDGET-0089,2026-01-01,DEPARTMENT-004,Customer Support,COST-CENTER-CS,49,7199733,40533,44000,111466,215991,7611723,5172053,1034410,15190,39529,99965,6361147,1250576,83.57,Within Budget,PKR,2026-01-28
DEPARTMENT-BUDGET-0090,2026-02-01,DEPARTMENT-004,Customer Support,COST-CENTER-CS,49,7199733,40533,44000,111466,215991,7611723,5172053,1034410,18825,43698,108954,6377940,1233783,83.79,Within Budget,PKR,2026-02-28
DEPARTMENT-BUDGET-0091,2026-03-01,DEPARTMENT-004,Customer Support,COST-CENTER-CS,49,7199733,56746,42000,106400,215991,7620870,4936960,987392,34876,27622,84620,6071470,1549400,79.67,Within Budget,PKR,2026-03-28
DEPARTMENT-BUDGET-0092,2026-04-01,DEPARTMENT-004,Customer Support,COST-CENTER-CS,49,7199733,40533,44000,111466,215991,7611723,5172053,1034410,32190,33103,125821,6397577,1214146,84.05,Within Budget,PKR,2026-04-28
DEPARTMENT-BUDGET-0093,2026-05-01,DEPARTMENT-004,Customer Support,COST-CENTER-CS,49,7199733,40533,44000,111466,215991,7611723,5172053,1034410,14205,35239,95407,6351314,1260409,83.44,Within Budget,PKR,2026-05-28
DEPARTMENT-BUDGET-0094,2026-06-01,DEPARTMENT-004,Customer Support,COST-CENTER-CS,49,7199733,32426,45000,114000,215991,7607150,5289600,1057920,22760,36137,86483,6492900,1114250,85.35,Within Budget,PKR,2026-06-28
DEPARTMENT-BUDGET-0095,2026-07-01,DEPARTMENT-004,Customer Support,COST-CENTER-CS,49,7199733,32426,45000,114000,215991,7607150,5289600,1057920,18674,28922,95916,6491032,1116118,85.33,Within Budget,PKR,2026-07-28
DEPARTMENT-BUDGET-0096,2026-08-01,DEPARTMENT-004,Customer Support,COST-CENTER-CS,49,7199733,32426,45000,114000,215991,7607150,5289600,1057920,20766,27215,134265,6529766,1077384,85.84,Within Budget,PKR,2026-08-01
DEPARTMENT-BUDGET-0097,2024-09-01,DEPARTMENT-005,Engineering,COST-CENTER-ENG,49,9676138,139020,38000,150078,290284,10293520,6003155,1200631,93003,35597,152775,7485161,2808359,72.72,Within Budget,PKR,2024-09-28
DEPARTMENT-BUDGET-0098,2024-10-01,DEPARTMENT-005,Engineering,COST-CENTER-ENG,49,9676138,164296,36000,142180,290284,10308898,5687200,1137440,78663,34579,144348,7082230,3226668,68.7,Within Budget,PKR,2024-10-28
DEPARTMENT-BUDGET-0099,2024-11-01,DEPARTMENT-005,Engineering,COST-CENTER-ENG,49,9676138,139020,38000,150078,290284,10293520,6003155,1200631,89161,24986,174051,7491984,2801536,72.78,Within Budget,PKR,2024-11-28
DEPARTMENT-BUDGET-0100,2024-12-01,DEPARTMENT-005,Engineering,COST-CENTER-ENG,49,9676138,139020,38000,150078,290284,10293520,6003155,1200631,87218,28092,179911,7499007,2794513,72.85,Within Budget,PKR,2024-12-28
DEPARTMENT-BUDGET-0101,2025-01-01,DEPARTMENT-005,Engineering,COST-CENTER-ENG,50,10663500,151658,38000,150078,319905,11323141,6483408,1296681,136037,34044,166907,8117077,3206064,71.69,Within Budget,PKR,2025-01-28
DEPARTMENT-BUDGET-0102,2025-02-01,DEPARTMENT-005,Engineering,COST-CENTER-ENG,50,10663500,139020,39000,154028,319905,11315453,6654024,1330804,78311,37925,174338,8275402,3040051,73.13,Within Budget,PKR,2025-02-28
DEPARTMENT-BUDGET-0103,2025-03-01,DEPARTMENT-005,Engineering,COST-CENTER-ENG,50,10663500,126382,40000,157977,319905,11307764,6824640,1364928,41769,34661,176560,8442558,2865206,74.66,Within Budget,PKR,2025-03-28
DEPARTMENT-BUDGET-0104,2025-04-01,DEPARTMENT-005,Engineering,COST-CENTER-ENG,50,10663500,126382,40000,157977,319905,11307764,6824640,1364928,44384,26845,141814,8402611,2905153,74.31,Within Budget,PKR,2025-04-28
DEPARTMENT-BUDGET-0105,2025-05-01,DEPARTMENT-005,Engineering,COST-CENTER-ENG,50,10663500,126382,40000,157977,319905,11307764,6824640,1364928,111564,32414,159311,8492857,2814907,75.11,Within Budget,PKR,2025-05-28
DEPARTMENT-BUDGET-0106,2025-06-01,DEPARTMENT-005,Engineering,COST-CENTER-ENG,50,10663500,139020,39000,154028,319905,11315453,6654024,1330804,74178,31302,136776,8227084,3088369,72.71,Within Budget,PKR,2025-06-28
DEPARTMENT-BUDGET-0107,2025-07-01,DEPARTMENT-005,Engineering,COST-CENTER-ENG,50,10663500,126382,40000,157977,319905,11307764,6824640,1364928,39676,34323,119982,8383549,2924215,74.14,Within Budget,PKR,2025-07-28
DEPARTMENT-BUDGET-0108,2025-08-01,DEPARTMENT-005,Engineering,COST-CENTER-ENG,50,10663500,101105,42000,165876,319905,11292386,7165872,1433174,88023,26260,160817,8874146,2418240,78.59,Within Budget,PKR,2025-08-28
DEPARTMENT-BUDGET-0109,2025-09-01,DEPARTMENT-005,Engineering,COST-CENTER-ENG,50,10663500,113744,41000,161927,319905,11300076,6995256,1399051,50242,38698,175043,8658290,2641786,76.62,Within Budget,PKR,2025-09-28
DEPARTMENT-BUDGET-0110,2025-10-01,DEPARTMENT-005,Engineering,COST-CENTER-ENG,50,10663500,113744,41000,161927,319905,11300076,6995256,1399051,75837,34885,167894,8672923,2627153,76.75,Within Budget,PKR,2025-10-28
DEPARTMENT-BUDGET-0111,2025-11-01,DEPARTMENT-005,Engineering,COST-CENTER-ENG,50,10663500,88467,43000,169826,319905,11284698,7336488,1467297,35485,34124,150874,9024268,2260430,79.97,Within Budget,PKR,2025-11-28
DEPARTMENT-BUDGET-0112,2025-12-01,DEPARTMENT-005,Engineering,COST-CENTER-ENG,50,10663500,101105,42000,165876,319905,11292386,7165872,1433174,84128,34431,184741,8902346,2390040,78.83,Within Budget,PKR,2025-12-28
DEPARTMENT-BUDGET-0113,2026-01-01,DEPARTMENT-005,Engineering,COST-CENTER-ENG,51,11682456,88467,44000,173775,350473,12339171,8063185,1612637,29458,31651,196053,9932984,2406187,80.5,Within Budget,PKR,2026-01-28
DEPARTMENT-BUDGET-0114,2026-02-01,DEPARTMENT-005,Engineering,COST-CENTER-ENG,51,11682456,101105,43000,169826,350473,12346860,7879931,1575986,60671,33403,170166,9720157,2626703,78.73,Within Budget,PKR,2026-02-28
DEPARTMENT-BUDGET-0115,2026-03-01,DEPARTMENT-005,Engineering,COST-CENTER-ENG,51,11682456,88467,44000,173775,350473,12339171,8063185,1612637,60355,30553,172677,9939407,2399764,80.55,Within Budget,PKR,2026-03-28
DEPARTMENT-BUDGET-0116,2026-04-01,DEPARTMENT-005,Engineering,COST-CENTER-ENG,51,11682456,101105,43000,169826,350473,12346860,7879931,1575986,31234,28271,142509,9657931,2688929,78.22,Within Budget,PKR,2026-04-28
DEPARTMENT-BUDGET-0117,2026-05-01,DEPARTMENT-005,Engineering,COST-CENTER-ENG,51,11682456,88467,44000,173775,350473,12339171,8063185,1612637,61130,35060,145527,9917539,2421632,80.37,Within Budget,PKR,2026-05-28
DEPARTMENT-BUDGET-0118,2026-06-01,DEPARTMENT-005,Engineering,COST-CENTER-ENG,51,11682456,88467,44000,173775,350473,12339171,8063185,1612637,43185,37668,137703,9894378,2444793,80.19,Within Budget,PKR,2026-06-28
DEPARTMENT-BUDGET-0119,2026-07-01,DEPARTMENT-005,Engineering,COST-CENTER-ENG,51,11682456,75829,45000,177725,350473,12331483,8246439,1649287,61558,35673,207899,10200856,2130627,82.72,Within Budget,PKR,2026-07-28
DEPARTMENT-BUDGET-0120,2026-08-01,DEPARTMENT-005,Engineering,COST-CENTER-ENG,51,11682456,75829,45000,177725,350473,12331483,8246439,1649287,40418,37954,199963,10174061,2157422,82.5,Within Budget,PKR,2026-08-01
DEPARTMENT-BUDGET-0121,2024-09-01,DEPARTMENT-006,Operations,COST-CENTER-OPS,47,6873750,84240,38000,111150,206212,7313352,4446000,889200,56209,33118,113394,5537921,1775431,75.72,Within Budget,PKR,2024-09-28
DEPARTMENT-BUDGET-0122,2024-10-01,DEPARTMENT-006,Operations,COST-CENTER-OPS,47,6873750,74880,39000,114075,206212,7307917,4563000,912600,59793,26337,132385,5694115,1613802,77.92,Within Budget,PKR,2024-10-28
DEPARTMENT-BUDGET-0123,2024-11-01,DEPARTMENT-006,Operations,COST-CENTER-OPS,47,6873750,65520,40000,117000,206212,7302482,4680000,936000,34774,39966,119345,5810085,1492397,79.56,Within Budget,PKR,2024-11-28
DEPARTMENT-BUDGET-0124,2024-12-01,DEPARTMENT-006,Operations,COST-CENTER-OPS,47,6873750,65520,40000,117000,206212,7302482,4680000,936000,20905,27027,116827,5780759,1521723,79.16,Within Budget,PKR,2024-12-28
DEPARTMENT-BUDGET-0125,2025-01-01,DEPARTMENT-006,Operations,COST-CENTER-OPS,48,7581600,74880,40000,117000,227448,8040928,5054400,1010880,60991,26850,116735,6269856,1771072,77.97,Within Budget,PKR,2025-01-28
DEPARTMENT-BUDGET-0126,2025-02-01,DEPARTMENT-006,Operations,COST-CENTER-OPS,48,7581600,65520,41000,119925,227448,8035493,5180760,1036152,58928,38839,120906,6435585,1599908,80.09,Within Budget,PKR,2025-02-28
DEPARTMENT-BUDGET-0127,2025-03-01,DEPARTMENT-006,Operations,COST-CENTER-OPS,48,7581600,74880,40000,117000,227448,8040928,5054400,1010880,58253,30411,130389,6284333,1756595,78.15,Within Budget,PKR,2025-03-28
DEPARTMENT-BUDGET-0128,2025-04-01,DEPARTMENT-006,Operations,COST-CENTER-OPS,48,7581600,56160,42000,122850,227448,8030058,5307120,1061424,45205,28918,141917,6584584,1445474,82.0,Within Budget,PKR,2025-04-28
DEPARTMENT-BUDGET-0129,2025-05-01,DEPARTMENT-006,Operations,COST-CENTER-OPS,48,7581600,65520,41000,119925,227448,8035493,5180760,1036152,23123,27204,129675,6396914,1638579,79.61,Within Budget,PKR,2025-05-28
DEPARTMENT-BUDGET-0130,2025-06-01,DEPARTMENT-006,Operations,COST-CENTER-OPS,48,7581600,74880,40000,117000,227448,8040928,5054400,1010880,47283,36742,87824,6237129,1803799,77.57,Within Budget,PKR,2025-06-28
DEPARTMENT-BUDGET-0131,2025-07-01,DEPARTMENT-006,Operations,COST-CENTER-OPS,48,7581600,56160,42000,122850,227448,8030058,5307120,1061424,38459,30651,101379,6539033,1491025,81.43,Within Budget,PKR,2025-07-28
DEPARTMENT-BUDGET-0132,2025-08-01,DEPARTMENT-006,Operations,COST-CENTER-OPS,48,7581600,56160,42000,122850,227448,8030058,5307120,1061424,33214,34959,144670,6581387,1448671,81.96,Within Budget,PKR,2025-08-28
DEPARTMENT-BUDGET-0133,2025-09-01,DEPARTMENT-006,Operations,COST-CENTER-OPS,48,7581600,56160,42000,122850,227448,8030058,5307120,1061424,45317,31865,124589,6570315,1459743,81.82,Within Budget,PKR,2025-09-28
DEPARTMENT-BUDGET-0134,2025-10-01,DEPARTMENT-006,Operations,COST-CENTER-OPS,48,7581600,46800,43000,125775,227448,8024623,5433480,1086696,36348,35979,138603,6731106,1293517,83.88,Within Budget,PKR,2025-10-28
DEPARTMENT-BUDGET-0135,2025-11-01,DEPARTMENT-006,Operations,COST-CENTER-OPS,48,7581600,46800,43000,125775,227448,8024623,5433480,1086696,19324,27373,128036,6694909,1329714,83.43,Within Budget,PKR,2025-11-28
DEPARTMENT-BUDGET-0136,2025-12-01,DEPARTMENT-006,Operations,COST-CENTER-OPS,48,7581600,46800,43000,125775,227448,8024623,5433480,1086696,35029,32792,131001,6718998,1305625,83.73,Within Budget,PKR,2025-12-28
DEPARTMENT-BUDGET-0137,2026-01-01,DEPARTMENT-006,Operations,COST-CENTER-OPS,49,8312850,46800,44000,128700,249385,8781735,5971680,1194336,38194,30982,101948,7337140,1444595,83.55,Within Budget,PKR,2026-01-28
DEPARTMENT-BUDGET-0138,2026-02-01,DEPARTMENT-006,Operations,COST-CENTER-OPS,49,8312850,56160,43000,125775,249385,8787170,5835960,1167192,36901,32798,97992,7170843,1616327,81.61,Within Budget,PKR,2026-02-28
DEPARTMENT-BUDGET-0139,2026-03-01,DEPARTMENT-006,Operations,COST-CENTER-OPS,49,8312850,46800,44000,128700,249385,8781735,5971680,1194336,16970,33630,140440,7357056,1424679,83.78,Within Budget,PKR,2026-03-28
DEPARTMENT-BUDGET-0140,2026-04-01,DEPARTMENT-006,Operations,COST-CENTER-OPS,49,8312850,46800,44000,128700,249385,8781735,5971680,1194336,24949,27979,97087,7316031,1465704,83.31,Within Budget,PKR,2026-04-28
DEPARTMENT-BUDGET-0141,2026-05-01,DEPARTMENT-006,Operations,COST-CENTER-OPS,49,8312850,46800,44000,128700,249385,8781735,5971680,1194336,36049,31499,150738,7384302,1397433,84.09,Within Budget,PKR,2026-05-28
DEPARTMENT-BUDGET-0142,2026-06-01,DEPARTMENT-006,Operations,COST-CENTER-OPS,49,8312850,37440,45000,131625,249385,8776300,6107400,1221480,24361,30859,117470,7501570,1274730,85.48,Within Budget,PKR,2026-06-28
DEPARTMENT-BUDGET-0143,2026-07-01,DEPARTMENT-006,Operations,COST-CENTER-OPS,49,8312850,37440,45000,131625,249385,8776300,6107400,1221480,29027,33092,145746,7536745,1239555,85.88,Within Budget,PKR,2026-07-28
DEPARTMENT-BUDGET-0144,2026-08-01,DEPARTMENT-006,Operations,COST-CENTER-OPS,49,8312850,37440,45000,131625,249385,8776300,6107400,1221480,26675,39047,135534,7530136,1246164,85.8,Within Budget,PKR,2026-08-01
DEPARTMENT-BUDGET-0145,2024-09-01,DEPARTMENT-007,IT,COST-CENTER-IT,47,9734222,92785,40000,165688,292026,10324721,6627555,1325511,81604,34084,166419,8235173,2089548,79.76,Within Budget,PKR,2024-09-28
DEPARTMENT-BUDGET-0146,2024-10-01,DEPARTMENT-007,IT,COST-CENTER-IT,47,9734222,92785,40000,165688,292026,10324721,6627555,1325511,73225,29082,171364,8226737,2097984,79.68,Within Budget,PKR,2024-10-28
DEPARTMENT-BUDGET-0147,2024-11-01,DEPARTMENT-007,IT,COST-CENTER-IT,47,9734222,92785,40000,165688,292026,10324721,6627555,1325511,47827,38513,162411,8201817,2122904,79.44,Within Budget,PKR,2024-11-28
DEPARTMENT-BUDGET-0148,2024-12-01,DEPARTMENT-007,IT,COST-CENTER-IT,47,9734222,79530,41000,169831,292026,10316609,6793244,1358648,45328,26889,187158,8411267,1905342,81.53,Within Budget,PKR,2024-12-28
DEPARTMENT-BUDGET-0149,2025-01-01,DEPARTMENT-007,IT,COST-CENTER-IT,47,10512960,79530,41000,169831,315388,11118709,7336704,1467340,50872,33302,189714,9077932,2040777,81.65,Within Budget,PKR,2025-01-28
DEPARTMENT-BUDGET-0150,2025-02-01,DEPARTMENT-007,IT,COST-CENTER-IT,47,10512960,79530,41000,169831,315388,11118709,7336704,1467340,64693,31639,181671,9082047,2036662,81.68,Within Budget,PKR,2025-02-28
DEPARTMENT-BUDGET-0151,2025-03-01,DEPARTMENT-007,IT,COST-CENTER-IT,47,10512960,92785,40000,165688,315388,11126821,7157760,1431552,81267,34194,154349,8859122,2267699,79.62,Within Budget,PKR,2025-03-28
DEPARTMENT-BUDGET-0152,2025-04-01,DEPARTMENT-007,IT,COST-CENTER-IT,47,10512960,66275,42000,173973,315388,11110596,7515648,1503129,45531,28548,188969,9281825,1828771,83.54,Within Budget,PKR,2025-04-28
DEPARTMENT-BUDGET-0153,2025-05-01,DEPARTMENT-007,IT,COST-CENTER-IT,47,10512960,66275,42000,173973,315388,11110596,7515648,1503129,55998,28035,162583,9265393,1845203,83.39,Within Budget,PKR,2025-05-28
DEPARTMENT-BUDGET-0154,2025-06-01,DEPARTMENT-007,IT,COST-CENTER-IT,47,10512960,66275,42000,173973,315388,11110596,7515648,1503129,45894,41238,136602,9242511,1868085,83.19,Within Budget,PKR,2025-06-28
DEPARTMENT-BUDGET-0155,2025-07-01,DEPARTMENT-007,IT,COST-CENTER-IT,47,10512960,79530,41000,169831,315388,11118709,7336704,1467340,55812,26823,184423,9071102,2047607,81.58,Within Budget,PKR,2025-07-28
DEPARTMENT-BUDGET-0156,2025-08-01,DEPARTMENT-007,IT,COST-CENTER-IT,47,10512960,66275,42000,173973,315388,11110596,7515648,1503129,58430,41246,179262,9297715,1812881,83.68,Within Budget,PKR,2025-08-28
DEPARTMENT-BUDGET-0157,2025-09-01,DEPARTMENT-007,IT,COST-CENTER-IT,47,10512960,39765,44000,182257,315388,11094370,7873535,1574707,25966,29254,145639,9649101,1445269,86.97,Within Budget,PKR,2025-09-28
DEPARTMENT-BUDGET-0158,2025-10-01,DEPARTMENT-007,IT,COST-CENTER-IT,47,10512960,53020,43000,178115,315388,11102483,7694592,1538918,40129,35959,158745,9468343,1634140,85.28,Within Budget,PKR,2025-10-28
DEPARTMENT-BUDGET-0159,2025-11-01,DEPARTMENT-007,IT,COST-CENTER-IT,47,10512960,53020,43000,178115,315388,11102483,7694592,1538918,32138,28203,186680,9480531,1621952,85.39,Within Budget,PKR,2025-11-28
DEPARTMENT-BUDGET-0160,2025-12-01,DEPARTMENT-007,IT,COST-CENTER-IT,47,10512960,39765,44000,182257,315388,11094370,7873535,1574707,29202,30901,148953,9657298,1437072,87.05,Within Budget,PKR,2025-12-28
DEPARTMENT-BUDGET-0161,2026-01-01,DEPARTMENT-007,IT,COST-CENTER-IT,48,11531946,53020,44000,182257,345958,12157181,8456760,1691352,44985,34900,146553,10374550,1782631,85.34,Within Budget,PKR,2026-01-28
DEPARTMENT-BUDGET-0162,2026-02-01,DEPARTMENT-007,IT,COST-CENTER-IT,48,11531946,39765,45000,186400,345958,12149069,8648959,1729791,15888,28603,212825,10636066,1513003,87.55,Within Budget,PKR,2026-02-28
DEPARTMENT-BUDGET-0163,2026-03-01,DEPARTMENT-007,IT,COST-CENTER-IT,48,11531946,53020,44000,182257,345958,12157181,8456760,1691352,36061,29392,150263,10363828,1793353,85.25,Within Budget,PKR,2026-03-28
DEPARTMENT-BUDGET-0164,2026-04-01,DEPARTMENT-007,IT,COST-CENTER-IT,48,11531946,39765,45000,186400,345958,12149069,8648959,1729791,16685,28644,158798,10582877,1566192,87.11,Within Budget,PKR,2026-04-28
DEPARTMENT-BUDGET-0165,2026-05-01,DEPARTMENT-007,IT,COST-CENTER-IT,48,11531946,53020,44000,182257,345958,12157181,8456760,1691352,47535,34424,192961,10423032,1734149,85.74,Within Budget,PKR,2026-05-28
DEPARTMENT-BUDGET-0166,2026-06-01,DEPARTMENT-007,IT,COST-CENTER-IT,48,11531946,39765,45000,186400,345958,12149069,8648959,1729791,14477,39952,218295,10651474,1497595,87.67,Within Budget,PKR,2026-06-28
DEPARTMENT-BUDGET-0167,2026-07-01,DEPARTMENT-007,IT,COST-CENTER-IT,48,11531946,39765,45000,186400,345958,12149069,8648959,1729791,31512,31305,193531,10635098,1513971,87.54,Within Budget,PKR,2026-07-28
DEPARTMENT-BUDGET-0168,2026-08-01,DEPARTMENT-007,IT,COST-CENTER-IT,48,11531946,39765,45000,186400,345958,12149069,8648959,1729791,26969,29805,196684,10632208,1516861,87.51,Within Budget,PKR,2026-08-01
DEPARTMENT-BUDGET-0169,2024-09-01,DEPARTMENT-008,Medical Care,COST-CENTER-MED,49,11789944,200188,36000,173240,353698,12553070,6929600,1385920,76382,33212,175138,8600252,3952818,68.51,Within Budget,PKR,2024-09-28
DEPARTMENT-BUDGET-0170,2024-10-01,DEPARTMENT-008,Medical Care,COST-CENTER-MED,49,11789944,200188,36000,173240,353698,12553070,6929600,1385920,143871,33998,167808,8661197,3891873,69.0,Within Budget,PKR,2024-10-28
DEPARTMENT-BUDGET-0171,2024-11-01,DEPARTMENT-008,Medical Care,COST-CENTER-MED,49,11789944,215587,35000,168427,353698,12562656,6737111,1347422,113568,33714,134890,8366705,4195951,66.6,Within Budget,PKR,2024-11-28
DEPARTMENT-BUDGET-0172,2024-12-01,DEPARTMENT-008,Medical Care,COST-CENTER-MED,49,11789944,169390,38000,182864,353698,12533896,7314577,1462915,52947,34603,145108,9010150,3523746,71.89,Within Budget,PKR,2024-12-28
DEPARTMENT-BUDGET-0173,2025-01-01,DEPARTMENT-008,Medical Care,COST-CENTER-MED,50,12993000,153991,40000,192488,389790,13769269,8315520,1663104,76243,26852,193502,10275221,3494048,74.62,Within Budget,PKR,2025-01-28
DEPARTMENT-BUDGET-0174,2025-02-01,DEPARTMENT-008,Medical Care,COST-CENTER-MED,50,12993000,169390,39000,187676,389790,13778856,8107632,1621526,78270,27674,173054,10008156,3770700,72.63,Within Budget,PKR,2025-02-28
DEPARTMENT-BUDGET-0175,2025-03-01,DEPARTMENT-008,Medical Care,COST-CENTER-MED,50,12993000,184789,38000,182864,389790,13788443,7899744,1579948,81413,31246,155446,9747797,4040646,70.7,Within Budget,PKR,2025-03-28
DEPARTMENT-BUDGET-0176,2025-04-01,DEPARTMENT-008,Medical Care,COST-CENTER-MED,50,12993000,184789,38000,182864,389790,13788443,7899744,1579948,144956,35004,138069,9797721,3990722,71.06,Within Budget,PKR,2025-04-28
DEPARTMENT-BUDGET-0177,2025-05-01,DEPARTMENT-008,Medical Care,COST-CENTER-MED,50,12993000,169390,39000,187676,389790,13778856,8107632,1621526,65411,29415,183904,10007888,3770968,72.63,Within Budget,PKR,2025-05-28
DEPARTMENT-BUDGET-0178,2025-06-01,DEPARTMENT-008,Medical Care,COST-CENTER-MED,50,12993000,169390,39000,187676,389790,13778856,8107632,1621526,142090,28024,220839,10120111,3658745,73.45,Within Budget,PKR,2025-06-28
DEPARTMENT-BUDGET-0179,2025-07-01,DEPARTMENT-008,Medical Care,COST-CENTER-MED,50,12993000,169390,39000,187676,389790,13778856,8107632,1621526,151216,29389,147174,10056937,3721919,72.99,Within Budget,PKR,2025-07-28
DEPARTMENT-BUDGET-0180,2025-08-01,DEPARTMENT-008,Medical Care,COST-CENTER-MED,50,12993000,169390,39000,187676,389790,13778856,8107632,1621526,142246,37423,170874,10079701,3699155,73.15,Within Budget,PKR,2025-08-28
DEPARTMENT-BUDGET-0181,2025-09-01,DEPARTMENT-008,Medical Care,COST-CENTER-MED,50,12993000,169390,39000,187676,389790,13778856,8107632,1621526,108328,30942,172019,10040447,3738409,72.87,Within Budget,PKR,2025-09-28
DEPARTMENT-BUDGET-0182,2025-10-01,DEPARTMENT-008,Medical Care,COST-CENTER-MED,50,12993000,138592,41000,197301,389790,13759683,8523408,1704681,57952,31141,167682,10484864,3274819,76.2,Within Budget,PKR,2025-10-28
DEPARTMENT-BUDGET-0183,2025-11-01,DEPARTMENT-008,Medical Care,COST-CENTER-MED,50,12993000,153991,40000,192488,389790,13769269,8315520,1663104,112375,26228,198943,10316170,3453099,74.92,Within Budget,PKR,2025-11-28
DEPARTMENT-BUDGET-0184,2025-12-01,DEPARTMENT-008,Medical Care,COST-CENTER-MED,50,12993000,107793,43000,206925,389790,13740508,8939184,1787836,78415,38385,205417,11049237,2691271,80.41,Within Budget,PKR,2025-12-28
DEPARTMENT-BUDGET-0185,2026-01-01,DEPARTMENT-008,Medical Care,COST-CENTER-MED,52,14513662,138592,43000,206925,435409,15337588,9601345,1920269,120595,28761,222820,11893790,3443798,77.55,Within Budget,PKR,2026-01-28
DEPARTMENT-BUDGET-0186,2026-02-01,DEPARTMENT-008,Medical Care,COST-CENTER-MED,52,14513662,138592,43000,206925,435409,15337588,9601345,1920269,85527,38786,167492,11813419,3524169,77.02,Within Budget,PKR,2026-02-28
DEPARTMENT-BUDGET-0187,2026-03-01,DEPARTMENT-008,Medical Care,COST-CENTER-MED,52,14513662,138592,43000,206925,435409,15337588,9601345,1920269,55560,34337,215712,11827223,3510365,77.11,Within Budget,PKR,2026-03-28
DEPARTMENT-BUDGET-0188,2026-04-01,DEPARTMENT-008,Medical Care,COST-CENTER-MED,52,14513662,153991,42000,202113,435409,15347175,9378058,1875611,64880,27085,177612,11523246,3823929,75.08,Within Budget,PKR,2026-04-28
DEPARTMENT-BUDGET-0189,2026-05-01,DEPARTMENT-008,Medical Care,COST-CENTER-MED,52,14513662,123192,44000,211737,435409,15328000,9824632,1964926,42351,34081,226196,12092186,3235814,78.89,Within Budget,PKR,2026-05-28
DEPARTMENT-BUDGET-0190,2026-06-01,DEPARTMENT-008,Medical Care,COST-CENTER-MED,52,14513662,123192,44000,211737,435409,15328000,9824632,1964926,55755,26569,253809,12125691,3202309,79.11,Within Budget,PKR,2026-06-28
DEPARTMENT-BUDGET-0191,2026-07-01,DEPARTMENT-008,Medical Care,COST-CENTER-MED,52,14513662,92394,46000,221362,435409,15308827,10271207,2054241,50503,33855,226508,12636314,2672513,82.54,Within Budget,PKR,2026-07-28
DEPARTMENT-BUDGET-0192,2026-08-01,DEPARTMENT-008,Medical Care,COST-CENTER-MED,52,14513662,107793,45000,216550,435409,15318414,10047920,2009584,67448,37184,201130,12363266,2955148,80.71,Within Budget,PKR,2026-08-01
DEPARTMENT-BUDGET-0193,2024-09-01,DEPARTMENT-009,Training & Development,COST-CENTER-TRN,45,9015000,25642,43000,172286,270450,9526378,6891466,1378293,15120,28107,204694,8517680,1008698,89.41,Within Budget,PKR,2024-09-28
DEPARTMENT-BUDGET-0194,2024-10-01,DEPARTMENT-009,Training & Development,COST-CENTER-TRN,45,9015000,51285,41000,164273,270450,9542008,6570933,1314186,25315,30654,160335,8101423,1440585,84.9,Within Budget,PKR,2024-10-28
DEPARTMENT-BUDGET-0195,2024-11-01,DEPARTMENT-009,Training & Development,COST-CENTER-TRN,45,9015000,51285,41000,164273,270450,9542008,6570933,1314186,28626,29502,145919,8089166,1452842,84.77,Within Budget,PKR,2024-11-28
DEPARTMENT-BUDGET-0196,2024-12-01,DEPARTMENT-009,Training & Development,COST-CENTER-TRN,45,9015000,38464,42000,168280,270450,9534194,6731200,1346240,28877,29272,199910,8335499,1198695,87.43,Within Budget,PKR,2024-12-28
DEPARTMENT-BUDGET-0197,2025-01-01,DEPARTMENT-009,Training & Development,COST-CENTER-TRN,46,9952560,38464,43000,172286,298576,10504886,7442784,1488556,21885,34095,171231,9158551,1346335,87.18,Within Budget,PKR,2025-01-28
DEPARTMENT-BUDGET-0198,2025-02-01,DEPARTMENT-009,Training & Development,COST-CENTER-TRN,46,9952560,25642,44000,176293,298576,10497071,7615872,1523174,16887,30058,177641,9363632,1133439,89.2,Within Budget,PKR,2025-02-28
DEPARTMENT-BUDGET-0199,2025-03-01,DEPARTMENT-009,Training & Development,COST-CENTER-TRN,46,9952560,12821,45000,180300,298576,10489257,7788960,1557792,5542,31971,205559,9589824,899433,91.43,Within Budget,PKR,2025-03-28
DEPARTMENT-BUDGET-0200,2025-04-01,DEPARTMENT-009,Training & Development,COST-CENTER-TRN,46,9952560,51285,42000,168280,298576,10512701,7269696,1453939,32420,26121,149081,8931257,1581444,84.96,Within Budget,PKR,2025-04-28
DEPARTMENT-BUDGET-0201,2025-05-01,DEPARTMENT-009,Training & Development,COST-CENTER-TRN,46,9952560,51285,42000,168280,298576,10512701,7269696,1453939,22459,35721,129777,8911592,1601109,84.77,Within Budget,PKR,2025-05-28
DEPARTMENT-BUDGET-0202,2025-06-01,DEPARTMENT-009,Training & Development,COST-CENTER-TRN,46,9952560,38464,43000,172286,298576,10504886,7442784,1488556,22996,29889,203404,9187629,1317257,87.46,Within Budget,PKR,2025-06-28
DEPARTMENT-BUDGET-0203,2025-07-01,DEPARTMENT-009,Training & Development,COST-CENTER-TRN,46,9952560,38464,43000,172286,298576,10504886,7442784,1488556,17037,39374,195683,9183434,1321452,87.42,Within Budget,PKR,2025-07-28
DEPARTMENT-BUDGET-0204,2025-08-01,DEPARTMENT-009,Training & Development,COST-CENTER-TRN,46,9952560,12821,45000,180300,298576,10489257,7788960,1557792,5373,38362,141681,9532168,957089,90.88,Within Budget,PKR,2025-08-28
DEPARTMENT-BUDGET-0205,2025-09-01,DEPARTMENT-009,Training & Development,COST-CENTER-TRN,46,9952560,25642,44000,176293,298576,10497071,7615872,1523174,16976,42909,155764,9354695,1142376,89.12,Within Budget,PKR,2025-09-28
DEPARTMENT-BUDGET-0206,2025-10-01,DEPARTMENT-009,Training & Development,COST-CENTER-TRN,46,9952560,25642,44000,176293,298576,10497071,7615872,1523174,16317,27344,207063,9389770,1107301,89.45,Within Budget,PKR,2025-10-28
DEPARTMENT-BUDGET-0207,2025-11-01,DEPARTMENT-009,Training & Development,COST-CENTER-TRN,46,9952560,38464,43000,172286,298576,10504886,7442784,1488556,13068,39023,197432,9180863,1324023,87.4,Within Budget,PKR,2025-11-28
DEPARTMENT-BUDGET-0208,2025-12-01,DEPARTMENT-009,Training & Development,COST-CENTER-TRN,46,9952560,25642,44000,176293,298576,10497071,7615872,1523174,13269,39114,194190,9385619,1111452,89.41,Within Budget,PKR,2025-12-28
DEPARTMENT-BUDGET-0209,2026-01-01,DEPARTMENT-009,Training & Development,COST-CENTER-TRN,47,10922173,38464,44000,176293,327665,11508595,8180010,1636002,17899,41321,169431,10044663,1463932,87.28,Within Budget,PKR,2026-01-28
DEPARTMENT-BUDGET-0210,2026-02-01,DEPARTMENT-009,Training & Development,COST-CENTER-TRN,47,10922173,12821,46000,184306,327665,11492965,8551829,1710365,11268,41103,169913,10484478,1008487,91.23,Within Budget,PKR,2026-02-28
DEPARTMENT-BUDGET-0211,2026-03-01,DEPARTMENT-009,Training & Development,COST-CENTER-TRN,47,10922173,12821,46000,184306,327665,11492965,8551829,1710365,5686,37428,148784,10454092,1038873,90.96,Within Budget,PKR,2026-03-28
DEPARTMENT-BUDGET-0212,2026-04-01,DEPARTMENT-009,Training & Development,COST-CENTER-TRN,47,10922173,38464,44000,176293,327665,11508595,8180010,1636002,18036,38497,161450,10033995,1474600,87.19,Within Budget,PKR,2026-04-28
DEPARTMENT-BUDGET-0213,2026-05-01,DEPARTMENT-009,Training & Development,COST-CENTER-TRN,47,10922173,38464,44000,176293,327665,11508595,8180010,1636002,33625,27498,168292,10045427,1463168,87.29,Within Budget,PKR,2026-05-28
DEPARTMENT-BUDGET-0214,2026-06-01,DEPARTMENT-009,Training & Development,COST-CENTER-TRN,47,10922173,38464,44000,176293,327665,11508595,8180010,1636002,21433,31724,173079,10042248,1466347,87.26,Within Budget,PKR,2026-06-28
DEPARTMENT-BUDGET-0215,2026-07-01,DEPARTMENT-009,Training & Development,COST-CENTER-TRN,47,10922173,12821,46000,184306,327665,11492965,8551829,1710365,7037,28866,180573,10478670,1014295,91.17,Within Budget,PKR,2026-07-28
DEPARTMENT-BUDGET-0216,2026-08-01,DEPARTMENT-009,Training & Development,COST-CENTER-TRN,47,10922173,25642,45000,180300,327665,11500780,8365919,1673183,8531,44929,180558,10273120,1227660,89.33,Within Budget,PKR,2026-08-01
DEPARTMENT-BUDGET-0217,2024-09-01,DEPARTMENT-010,Administration & Facilities,COST-CENTER-ADM,44,7548444,10979,43000,147537,226453,7976413,5901511,1180302,8287,28846,170546,7289492,686921,91.39,Within Budget,PKR,2024-09-28
DEPARTMENT-BUDGET-0218,2024-10-01,DEPARTMENT-010,Administration & Facilities,COST-CENTER-ADM,44,7548444,21959,42000,144106,226453,7982962,5764266,1152853,18874,40255,149316,7125564,857398,89.26,Within Budget,PKR,2024-10-28
DEPARTMENT-BUDGET-0219,2024-11-01,DEPARTMENT-010,Administration & Facilities,COST-CENTER-ADM,44,7548444,0,44000,150968,226453,7969865,6038755,1207751,0,32322,169007,7447835,522030,93.45,Watch,PKR,2024-11-28
DEPARTMENT-BUDGET-0220,2024-12-01,DEPARTMENT-010,Administration & Facilities,COST-CENTER-ADM,44,7548444,10979,43000,147537,226453,7976413,5901511,1180302,4297,32694,129607,7248411,728002,90.87,Within Budget,PKR,2024-12-28
DEPARTMENT-BUDGET-0221,2025-01-01,DEPARTMENT-010,Administration & Facilities,COST-CENTER-ADM,44,8152320,0,44000,150968,244569,8591857,6521856,1304371,0,29604,147357,8003188,588669,93.15,Watch,PKR,2025-01-28
DEPARTMENT-BUDGET-0222,2025-02-01,DEPARTMENT-010,Administration & Facilities,COST-CENTER-ADM,44,8152320,10979,43000,147537,244569,8598405,6373632,1274726,8381,36200,128063,7821002,777403,90.96,Within Budget,PKR,2025-02-28
DEPARTMENT-BUDGET-0223,2025-03-01,DEPARTMENT-010,Administration & Facilities,COST-CENTER-ADM,44,8152320,0,44000,150968,244569,8591857,6521856,1304371,0,35247,157698,8019172,572685,93.33,Watch,PKR,2025-03-28
DEPARTMENT-BUDGET-0224,2025-04-01,DEPARTMENT-010,Administration & Facilities,COST-CENTER-ADM,44,8152320,0,45000,154400,244569,8596289,6670080,1334016,0,31280,134125,8169501,426788,95.04,Watch,PKR,2025-04-28
DEPARTMENT-BUDGET-0225,2025-05-01,DEPARTMENT-010,Administration & Facilities,COST-CENTER-ADM,44,8152320,0,44000,150968,244569,8591857,6521856,1304371,0,34025,166623,8026875,564982,93.42,Watch,PKR,2025-05-28
DEPARTMENT-BUDGET-0226,2025-06-01,DEPARTMENT-010,Administration & Facilities,COST-CENTER-ADM,44,8152320,0,45000,154400,244569,8596289,6670080,1334016,0,36237,136043,8176376,419913,95.12,Watch,PKR,2025-06-28
DEPARTMENT-BUDGET-0227,2025-07-01,DEPARTMENT-010,Administration & Facilities,COST-CENTER-ADM,44,8152320,10979,43000,147537,244569,8598405,6373632,1274726,4070,38013,152940,7843381,755024,91.22,Within Budget,PKR,2025-07-28
DEPARTMENT-BUDGET-0228,2025-08-01,DEPARTMENT-010,Administration & Facilities,COST-CENTER-ADM,44,8152320,0,44000,150968,244569,8591857,6521856,1304371,0,40536,137438,8004201,587656,93.16,Watch,PKR,2025-08-28
DEPARTMENT-BUDGET-0229,2025-09-01,DEPARTMENT-010,Administration & Facilities,COST-CENTER-ADM,44,8152320,0,44000,150968,244569,8591857,6521856,1304371,0,35967,145737,8007931,583926,93.2,Watch,PKR,2025-09-28
DEPARTMENT-BUDGET-0230,2025-10-01,DEPARTMENT-010,Administration & Facilities,COST-CENTER-ADM,44,8152320,0,44000,150968,244569,8591857,6521856,1304371,0,42607,154334,8023168,568689,93.38,Watch,PKR,2025-10-28
DEPARTMENT-BUDGET-0231,2025-11-01,DEPARTMENT-010,Administration & Facilities,COST-CENTER-ADM,44,8152320,10979,43000,147537,244569,8598405,6373632,1274726,6625,32529,127195,7814707,783698,90.89,Within Budget,PKR,2025-11-28
DEPARTMENT-BUDGET-0232,2025-12-01,DEPARTMENT-010,Administration & Facilities,COST-CENTER-ADM,44,8152320,0,45000,154400,244569,8596289,6670080,1334016,0,42457,136183,8182736,413553,95.19,Watch,PKR,2025-12-28
DEPARTMENT-BUDGET-0233,2026-01-01,DEPARTMENT-010,Administration & Facilities,COST-CENTER-ADM,45,8955199,10979,44000,150968,268655,9429801,7004956,1400991,7078,31486,179344,8623855,805946,91.45,Within Budget,PKR,2026-01-28
DEPARTMENT-BUDGET-0234,2026-02-01,DEPARTMENT-010,Administration & Facilities,COST-CENTER-ADM,45,8955199,21959,43000,147537,268655,9436350,6845752,1369150,11170,27715,151276,8405063,1031287,89.07,Within Budget,PKR,2026-02-28
DEPARTMENT-BUDGET-0235,2026-03-01,DEPARTMENT-010,Administration & Facilities,COST-CENTER-ADM,45,8955199,0,46000,157831,268655,9427685,7323363,1464672,0,36747,187328,9012110,415575,95.59,Watch,PKR,2026-03-28
DEPARTMENT-BUDGET-0236,2026-04-01,DEPARTMENT-010,Administration & Facilities,COST-CENTER-ADM,45,8955199,0,45000,154400,268655,9423254,7164159,1432831,0,39364,175182,8811536,611718,93.51,Watch,PKR,2026-04-28
DEPARTMENT-BUDGET-0237,2026-05-01,DEPARTMENT-010,Administration & Facilities,COST-CENTER-ADM,45,8955199,0,46000,157831,268655,9427685,7323363,1464672,0,45718,187032,9020785,406900,95.68,Watch,PKR,2026-05-28
DEPARTMENT-BUDGET-0238,2026-06-01,DEPARTMENT-010,Administration & Facilities,COST-CENTER-ADM,45,8955199,0,46000,157831,268655,9427685,7323363,1464672,0,40084,174317,9002436,425249,95.49,Watch,PKR,2026-06-28
DEPARTMENT-BUDGET-0239,2026-07-01,DEPARTMENT-010,Administration & Facilities,COST-CENTER-ADM,45,8955199,0,46000,157831,268655,9427685,7323363,1464672,0,44240,120361,8952636,475049,94.96,Watch,PKR,2026-07-28
DEPARTMENT-BUDGET-0240,2026-08-01,DEPARTMENT-010,Administration & Facilities,COST-CENTER-ADM,45,8955199,0,45000,154400,268655,9423254,7164159,1432831,0,37809,141707,8776506,646748,93.14,Watch,PKR,2026-08-01
DEPARTMENT-BUDGET-0241,2024-09-01,DEPARTMENT-011,Legal & Compliance,COST-CENTER-LGL,43,11306611,16828,42000,220873,339198,11925510,8834933,1766986,12788,28047,184877,10827631,1097879,90.79,Within Budget,PKR,2024-09-28
DEPARTMENT-BUDGET-0242,2024-10-01,DEPARTMENT-011,Legal & Compliance,COST-CENTER-LGL,43,11306611,0,43000,226132,339198,11914941,9045288,1809057,0,26216,242516,11123077,791864,93.35,Watch,PKR,2024-10-28
DEPARTMENT-BUDGET-0243,2024-11-01,DEPARTMENT-011,Legal & Compliance,COST-CENTER-LGL,43,11306611,0,43000,226132,339198,11914941,9045288,1809057,0,27259,223397,11105001,809940,93.2,Watch,PKR,2024-11-28
DEPARTMENT-BUDGET-0244,2024-12-01,DEPARTMENT-011,Legal & Compliance,COST-CENTER-LGL,43,11306611,16828,42000,220873,339198,11925510,8834933,1766986,13393,40232,215222,10870766,1054744,91.16,Within Budget,PKR,2024-12-28
DEPARTMENT-BUDGET-0245,2025-01-01,DEPARTMENT-011,Legal & Compliance,COST-CENTER-LGL,43,12211140,0,43000,226132,366334,12846606,9768912,1953782,0,28503,215129,11966326,880280,93.15,Watch,PKR,2025-01-28
DEPARTMENT-BUDGET-0246,2025-02-01,DEPARTMENT-011,Legal & Compliance,COST-CENTER-LGL,43,12211140,0,43000,226132,366334,12846606,9768912,1953782,0,29231,233599,11985524,861082,93.3,Watch,PKR,2025-02-28
DEPARTMENT-BUDGET-0247,2025-03-01,DEPARTMENT-011,Legal & Compliance,COST-CENTER-LGL,43,12211140,0,45000,236650,366334,12859124,10223280,2044656,0,42631,267950,12578517,280607,97.82,Watch,PKR,2025-03-28
DEPARTMENT-BUDGET-0248,2025-04-01,DEPARTMENT-011,Legal & Compliance,COST-CENTER-LGL,43,12211140,0,44000,231391,366334,12852865,9996096,1999219,0,42421,243130,12280866,571999,95.55,Watch,PKR,2025-04-28
DEPARTMENT-BUDGET-0249,2025-05-01,DEPARTMENT-011,Legal & Compliance,COST-CENTER-LGL,43,12211140,0,44000,231391,366334,12852865,9996096,1999219,0,31761,237861,12264937,587928,95.43,Watch,PKR,2025-05-28
DEPARTMENT-BUDGET-0250,2025-06-01,DEPARTMENT-011,Legal & Compliance,COST-CENTER-LGL,43,12211140,0,44000,231391,366334,12852865,9996096,1999219,0,41505,221822,12258642,594223,95.38,Watch,PKR,2025-06-28
DEPARTMENT-BUDGET-0251,2025-07-01,DEPARTMENT-011,Legal & Compliance,COST-CENTER-LGL,43,12211140,0,43000,226132,366334,12846606,9768912,1953782,0,34288,216574,11973556,873050,93.2,Watch,PKR,2025-07-28
DEPARTMENT-BUDGET-0252,2025-08-01,DEPARTMENT-011,Legal & Compliance,COST-CENTER-LGL,43,12211140,0,44000,231391,366334,12852865,9996096,1999219,0,40575,186823,12222713,630152,95.1,Watch,PKR,2025-08-28
DEPARTMENT-BUDGET-0253,2025-09-01,DEPARTMENT-011,Legal & Compliance,COST-CENTER-LGL,43,12211140,0,43000,226132,366334,12846606,9768912,1953782,0,40266,178750,11941710,904896,92.96,Watch,PKR,2025-09-28
DEPARTMENT-BUDGET-0254,2025-10-01,DEPARTMENT-011,Legal & Compliance,COST-CENTER-LGL,43,12211140,0,44000,231391,366334,12852865,9996096,1999219,0,41947,177991,12215253,637612,95.04,Watch,PKR,2025-10-28
DEPARTMENT-BUDGET-0255,2025-11-01,DEPARTMENT-011,Legal & Compliance,COST-CENTER-LGL,43,12211140,0,44000,231391,366334,12852865,9996096,1999219,0,34836,275418,12305569,547296,95.74,Watch,PKR,2025-11-28
DEPARTMENT-BUDGET-0256,2025-12-01,DEPARTMENT-011,Legal & Compliance,COST-CENTER-LGL,43,12211140,0,44000,231391,366334,12852865,9996096,1999219,0,27122,242729,12265166,587699,95.43,Watch,PKR,2025-12-28
DEPARTMENT-BUDGET-0257,2026-01-01,DEPARTMENT-011,Legal & Compliance,COST-CENTER-LGL,43,13115668,0,44000,231391,393470,13784529,10736547,2147309,0,38265,184331,13106452,678077,95.08,Watch,PKR,2026-01-28
DEPARTMENT-BUDGET-0258,2026-02-01,DEPARTMENT-011,Legal & Compliance,COST-CENTER-LGL,43,13115668,0,44000,231391,393470,13784529,10736547,2147309,0,32260,206809,13122925,661604,95.2,Watch,PKR,2026-02-28
DEPARTMENT-BUDGET-0259,2026-03-01,DEPARTMENT-011,Legal & Compliance,COST-CENTER-LGL,43,13115668,0,46000,241908,393470,13797046,11224572,2244914,0,35559,263936,13768981,28065,99.8,Watch,PKR,2026-03-28
DEPARTMENT-BUDGET-0260,2026-04-01,DEPARTMENT-011,Legal & Compliance,COST-CENTER-LGL,43,13115668,0,45000,236650,393470,13790788,10980560,2196112,0,41552,254218,13472442,318346,97.69,Watch,PKR,2026-04-28
DEPARTMENT-BUDGET-0261,2026-05-01,DEPARTMENT-011,Legal & Compliance,COST-CENTER-LGL,43,13115668,0,46000,241908,393470,13797046,11224572,2244914,0,38514,226805,13734805,62241,99.55,Watch,PKR,2026-05-28
DEPARTMENT-BUDGET-0262,2026-06-01,DEPARTMENT-011,Legal & Compliance,COST-CENTER-LGL,43,13115668,0,44000,231391,393470,13784529,10736547,2147309,0,42790,221500,13148146,636383,95.38,Watch,PKR,2026-06-28
DEPARTMENT-BUDGET-0263,2026-07-01,DEPARTMENT-011,Legal & Compliance,COST-CENTER-LGL,43,13115668,0,46000,241908,393470,13797046,11224572,2244914,0,38896,271417,13779799,17247,99.87,Watch,PKR,2026-07-28
DEPARTMENT-BUDGET-0264,2026-08-01,DEPARTMENT-011,Legal & Compliance,COST-CENTER-LGL,43,13115668,0,45000,236650,393470,13790788,10980560,2196112,0,34708,196063,13407443,383345,97.22,Watch,PKR,2026-08-01
DEPARTMENT-BUDGET-0265,2024-09-01,DEPARTMENT-012,Procurement & Supply Chain,COST-CENTER-PRC,46,9545000,79680,40000,166000,286350,10117030,6640000,1328000,30272,26950,137312,8162534,1954496,80.68,Within Budget,PKR,2024-09-28
DEPARTMENT-BUDGET-0266,2024-10-01,DEPARTMENT-012,Procurement & Supply Chain,COST-CENTER-PRC,46,9545000,79680,40000,166000,286350,10117030,6640000,1328000,66232,31700,184721,8250653,1866377,81.55,Within Budget,PKR,2024-10-28
DEPARTMENT-BUDGET-0267,2024-11-01,DEPARTMENT-012,Procurement & Supply Chain,COST-CENTER-PRC,46,9545000,66400,41000,170150,286350,10108900,6806000,1361200,27951,30140,160652,8385943,1722957,82.96,Within Budget,PKR,2024-11-28
DEPARTMENT-BUDGET-0268,2024-12-01,DEPARTMENT-012,Procurement & Supply Chain,COST-CENTER-PRC,46,9545000,66400,41000,170150,286350,10108900,6806000,1361200,24885,26255,149145,8367485,1741415,82.77,Within Budget,PKR,2024-12-28
DEPARTMENT-BUDGET-0269,2025-01-01,DEPARTMENT-012,Procurement & Supply Chain,COST-CENTER-PRC,46,10308600,66400,41000,170150,309258,10895408,7350480,1470096,55931,37925,129257,9043689,1851719,83.0,Within Budget,PKR,2025-01-28
DEPARTMENT-BUDGET-0270,2025-02-01,DEPARTMENT-012,Procurement & Supply Chain,COST-CENTER-PRC,46,10308600,53120,42000,174300,309258,10887278,7529760,1505952,36194,33795,139121,9244822,1642456,84.91,Within Budget,PKR,2025-02-28
DEPARTMENT-BUDGET-0271,2025-03-01,DEPARTMENT-012,Procurement & Supply Chain,COST-CENTER-PRC,46,10308600,66400,41000,170150,309258,10895408,7350480,1470096,47300,27528,135795,9031199,1864209,82.89,Within Budget,PKR,2025-03-28
DEPARTMENT-BUDGET-0272,2025-04-01,DEPARTMENT-012,Procurement & Supply Chain,COST-CENTER-PRC,46,10308600,53120,42000,174300,309258,10887278,7529760,1505952,39194,35533,138048,9248487,1638791,84.95,Within Budget,PKR,2025-04-28
DEPARTMENT-BUDGET-0273,2025-05-01,DEPARTMENT-012,Procurement & Supply Chain,COST-CENTER-PRC,46,10308600,39840,43000,178450,309258,10879148,7709040,1541808,30911,27507,192637,9501903,1377245,87.34,Within Budget,PKR,2025-05-28
DEPARTMENT-BUDGET-0274,2025-06-01,DEPARTMENT-012,Procurement & Supply Chain,COST-CENTER-PRC,46,10308600,66400,41000,170150,309258,10895408,7350480,1470096,42277,36184,193486,9092523,1802885,83.45,Within Budget,PKR,2025-06-28
DEPARTMENT-BUDGET-0275,2025-07-01,DEPARTMENT-012,Procurement & Supply Chain,COST-CENTER-PRC,46,10308600,66400,41000,170150,309258,10895408,7350480,1470096,58949,39058,163153,9081736,1813672,83.35,Within Budget,PKR,2025-07-28
DEPARTMENT-BUDGET-0276,2025-08-01,DEPARTMENT-012,Procurement & Supply Chain,COST-CENTER-PRC,46,10308600,53120,42000,174300,309258,10887278,7529760,1505952,16038,29664,164056,9245470,1641808,84.92,Within Budget,PKR,2025-08-28
DEPARTMENT-BUDGET-0277,2025-09-01,DEPARTMENT-012,Procurement & Supply Chain,COST-CENTER-PRC,46,10308600,39840,43000,178450,309258,10879148,7709040,1541808,15822,42049,184054,9492773,1386375,87.26,Within Budget,PKR,2025-09-28
DEPARTMENT-BUDGET-0278,2025-10-01,DEPARTMENT-012,Procurement & Supply Chain,COST-CENTER-PRC,46,10308600,53120,42000,174300,309258,10887278,7529760,1505952,21564,35674,166624,9259574,1627704,85.05,Within Budget,PKR,2025-10-28
DEPARTMENT-BUDGET-0279,2025-11-01,DEPARTMENT-012,Procurement & Supply Chain,COST-CENTER-PRC,46,10308600,39840,43000,178450,309258,10879148,7709040,1541808,22093,38470,147812,9459223,1419925,86.95,Within Budget,PKR,2025-11-28
DEPARTMENT-BUDGET-0280,2025-12-01,DEPARTMENT-012,Procurement & Supply Chain,COST-CENTER-PRC,46,10308600,53120,42000,174300,309258,10887278,7529760,1505952,24080,35879,208412,9304083,1583195,85.46,Within Budget,PKR,2025-12-28
DEPARTMENT-BUDGET-0281,2026-01-01,DEPARTMENT-012,Procurement & Supply Chain,COST-CENTER-PRC,47,11312900,66400,42000,174300,339387,11934987,8087519,1617503,32557,27660,209054,9974293,1960694,83.57,Within Budget,PKR,2026-01-28
DEPARTMENT-BUDGET-0282,2026-02-01,DEPARTMENT-012,Procurement & Supply Chain,COST-CENTER-PRC,47,11312900,39840,44000,182600,339387,11918727,8472640,1694528,34616,38346,170019,10410149,1508578,87.34,Within Budget,PKR,2026-02-28
DEPARTMENT-BUDGET-0283,2026-03-01,DEPARTMENT-012,Procurement & Supply Chain,COST-CENTER-PRC,47,11312900,39840,44000,182600,339387,11918727,8472640,1694528,28847,28285,168171,10392471,1526256,87.19,Within Budget,PKR,2026-03-28
DEPARTMENT-BUDGET-0284,2026-04-01,DEPARTMENT-012,Procurement & Supply Chain,COST-CENTER-PRC,47,11312900,53120,43000,178450,339387,11926857,8280079,1656015,23337,34499,171791,10165721,1761136,85.23,Within Budget,PKR,2026-04-28
DEPARTMENT-BUDGET-0285,2026-05-01,DEPARTMENT-012,Procurement & Supply Chain,COST-CENTER-PRC,47,11312900,39840,44000,182600,339387,11918727,8472640,1694528,13657,40598,170139,10391562,1527165,87.19,Within Budget,PKR,2026-05-28
DEPARTMENT-BUDGET-0286,2026-06-01,DEPARTMENT-012,Procurement & Supply Chain,COST-CENTER-PRC,47,11312900,26560,45000,186750,339387,11910597,8665200,1733040,9212,33471,209012,10649935,1260662,89.42,Within Budget,PKR,2026-06-28
DEPARTMENT-BUDGET-0287,2026-07-01,DEPARTMENT-012,Procurement & Supply Chain,COST-CENTER-PRC,47,11312900,26560,45000,186750,339387,11910597,8665200,1733040,19528,40479,143523,10601770,1308827,89.01,Within Budget,PKR,2026-07-28
DEPARTMENT-BUDGET-0288,2026-08-01,DEPARTMENT-012,Procurement & Supply Chain,COST-CENTER-PRC,47,11312900,26560,45000,186750,339387,11910597,8665200,1733040,8468,38735,205684,10651127,1259470,89.43,Within Budget,PKR,2026-08-01
DEPARTMENT-BUDGET-0289,2024-09-01,DEPARTMENT-013,Logistics & Warehouse,COST-CENTER-LOG,48,9048000,120640,38000,143260,271440,9621340,5730400,1146080,106320,23197,114190,7120187,2501153,74.0,Within Budget,PKR,2024-09-28
DEPARTMENT-BUDGET-0290,2024-10-01,DEPARTMENT-013,Logistics & Warehouse,COST-CENTER-LOG,48,9048000,132704,37000,139490,271440,9628634,5579600,1115920,81374,34962,132435,6944291,2684343,72.12,Within Budget,PKR,2024-10-28
DEPARTMENT-BUDGET-0291,2024-11-01,DEPARTMENT-013,Logistics & Warehouse,COST-CENTER-LOG,48,9048000,96512,40000,150800,271440,9606752,6032000,1206400,44369,30969,146696,7460434,2146318,77.66,Within Budget,PKR,2024-11-28
DEPARTMENT-BUDGET-0292,2024-12-01,DEPARTMENT-013,Logistics & Warehouse,COST-CENTER-LOG,48,9048000,84448,41000,154570,271440,9599458,6182800,1236560,36621,27302,151698,7634981,1964477,79.54,Within Budget,PKR,2024-12-28
DEPARTMENT-BUDGET-0293,2025-01-01,DEPARTMENT-013,Logistics & Warehouse,COST-CENTER-LOG,49,9975420,120640,39000,147030,299262,10581352,6351696,1270339,98929,30617,146982,7898563,2682789,74.65,Within Budget,PKR,2025-01-28
DEPARTMENT-BUDGET-0294,2025-02-01,DEPARTMENT-013,Logistics & Warehouse,COST-CENTER-LOG,49,9975420,132704,38000,143260,299262,10588646,6188832,1237766,77917,34106,116913,7655534,2933112,72.3,Within Budget,PKR,2025-02-28
DEPARTMENT-BUDGET-0295,2025-03-01,DEPARTMENT-013,Logistics & Warehouse,COST-CENTER-LOG,49,9975420,144768,37000,139490,299262,10595940,6025968,1205193,79925,29818,108706,7449610,3146330,70.31,Within Budget,PKR,2025-03-28
DEPARTMENT-BUDGET-0296,2025-04-01,DEPARTMENT-013,Logistics & Warehouse,COST-CENTER-LOG,49,9975420,120640,39000,147030,299262,10581352,6351696,1270339,61054,32787,165119,7880995,2700357,74.48,Within Budget,PKR,2025-04-28
DEPARTMENT-BUDGET-0297,2025-05-01,DEPARTMENT-013,Logistics & Warehouse,COST-CENTER-LOG,49,9975420,108576,40000,150800,299262,10574058,6514560,1302912,56344,37872,119211,8030899,2543159,75.95,Within Budget,PKR,2025-05-28
DEPARTMENT-BUDGET-0298,2025-06-01,DEPARTMENT-013,Logistics & Warehouse,COST-CENTER-LOG,49,9975420,96512,41000,154570,299262,10566764,6677424,1335484,85858,39301,132684,8270751,2296013,78.27,Within Budget,PKR,2025-06-28
DEPARTMENT-BUDGET-0299,2025-07-01,DEPARTMENT-013,Logistics & Warehouse,COST-CENTER-LOG,49,9975420,108576,40000,150800,299262,10574058,6514560,1302912,79638,31399,180747,8109256,2464802,76.69,Within Budget,PKR,2025-07-28
DEPARTMENT-BUDGET-0300,2025-08-01,DEPARTMENT-013,Logistics & Warehouse,COST-CENTER-LOG,49,9975420,96512,41000,154570,299262,10566764,6677424,1335484,60419,40004,133236,8246567,2320197,78.04,Within Budget,PKR,2025-08-28
DEPARTMENT-BUDGET-0301,2025-09-01,DEPARTMENT-013,Logistics & Warehouse,COST-CENTER-LOG,49,9975420,108576,40000,150800,299262,10574058,6514560,1302912,87612,32918,173810,8111812,2462246,76.71,Within Budget,PKR,2025-09-28
DEPARTMENT-BUDGET-0302,2025-10-01,DEPARTMENT-013,Logistics & Warehouse,COST-CENTER-LOG,49,9975420,72384,43000,162110,299262,10552176,7003152,1400630,47058,41666,186607,8679113,1873063,82.25,Within Budget,PKR,2025-10-28
DEPARTMENT-BUDGET-0303,2025-11-01,DEPARTMENT-013,Logistics & Warehouse,COST-CENTER-LOG,49,9975420,48256,45000,169650,299262,10537588,7328880,1465776,33981,33098,167691,9029426,1508162,85.69,Within Budget,PKR,2025-11-28
DEPARTMENT-BUDGET-0304,2025-12-01,DEPARTMENT-013,Logistics & Warehouse,COST-CENTER-LOG,49,9975420,48256,45000,169650,299262,10537588,7328880,1465776,42992,40019,200620,9078287,1459301,86.15,Within Budget,PKR,2025-12-28
DEPARTMENT-BUDGET-0305,2026-01-01,DEPARTMENT-013,Logistics & Warehouse,COST-CENTER-LOG,50,10933000,72384,44000,165880,327990,11543254,7696831,1539366,51196,34060,139414,9460867,2082387,81.96,Within Budget,PKR,2026-01-28
DEPARTMENT-BUDGET-0306,2026-02-01,DEPARTMENT-013,Logistics & Warehouse,COST-CENTER-LOG,50,10933000,96512,42000,158340,327990,11557842,7346975,1469395,56950,28794,186576,9088690,2469152,78.64,Within Budget,PKR,2026-02-28
DEPARTMENT-BUDGET-0307,2026-03-01,DEPARTMENT-013,Logistics & Warehouse,COST-CENTER-LOG,50,10933000,96512,42000,158340,327990,11557842,7346975,1469395,74675,26825,136770,9054640,2503202,78.34,Within Budget,PKR,2026-03-28
DEPARTMENT-BUDGET-0308,2026-04-01,DEPARTMENT-013,Logistics & Warehouse,COST-CENTER-LOG,50,10933000,72384,44000,165880,327990,11543254,7696831,1539366,55764,41407,145033,9478401,2064853,82.11,Within Budget,PKR,2026-04-28
DEPARTMENT-BUDGET-0309,2026-05-01,DEPARTMENT-013,Logistics & Warehouse,COST-CENTER-LOG,50,10933000,60320,45000,169650,327990,11535960,7871759,1574351,21324,40868,141853,9650155,1885805,83.65,Within Budget,PKR,2026-05-28
DEPARTMENT-BUDGET-0310,2026-06-01,DEPARTMENT-013,Logistics & Warehouse,COST-CENTER-LOG,50,10933000,72384,44000,165880,327990,11543254,7696831,1539366,36034,29403,183158,9484792,2058462,82.17,Within Budget,PKR,2026-06-28
DEPARTMENT-BUDGET-0311,2026-07-01,DEPARTMENT-013,Logistics & Warehouse,COST-CENTER-LOG,50,10933000,60320,45000,169650,327990,11535960,7871759,1574351,32293,28491,200422,9707316,1828644,84.15,Within Budget,PKR,2026-07-28
DEPARTMENT-BUDGET-0312,2026-08-01,DEPARTMENT-013,Logistics & Warehouse,COST-CENTER-LOG,50,10933000,60320,45000,169650,327990,11535960,7871759,1574351,35768,38840,199490,9720208,1815752,84.26,Within Budget,PKR,2026-08-01
DEPARTMENT-BUDGET-0313,2024-09-01,DEPARTMENT-014,Production & Manufacturing,COST-CENTER-PRD,49,9192944,156092,36000,135080,275788,9795904,5403200,1080640,72214,34224,125052,6715330,3080574,68.55,Within Budget,PKR,2024-09-28
DEPARTMENT-BUDGET-0314,2024-10-01,DEPARTMENT-014,Production & Manufacturing,COST-CENTER-PRD,49,9192944,180106,34000,127575,275788,9810413,5103022,1020604,157930,31892,106376,6419824,3390589,65.44,Within Budget,PKR,2024-10-28
DEPARTMENT-BUDGET-0315,2024-11-01,DEPARTMENT-014,Production & Manufacturing,COST-CENTER-PRD,49,9192944,144085,37000,138832,275788,9788649,5553288,1110657,45149,25475,129489,6864058,2924591,70.12,Within Budget,PKR,2024-11-28
DEPARTMENT-BUDGET-0316,2024-12-01,DEPARTMENT-014,Production & Manufacturing,COST-CENTER-PRD,49,9192944,120071,39000,146336,275788,9774139,5853466,1170693,61190,37842,157598,7280789,2493350,74.49,Within Budget,PKR,2024-12-28
DEPARTMENT-BUDGET-0317,2025-01-01,DEPARTMENT-014,Production & Manufacturing,COST-CENTER-PRD,50,10131000,144085,38000,142584,303930,10759599,6159648,1231929,109237,23225,166650,7690689,3068910,71.48,Within Budget,PKR,2025-01-28
DEPARTMENT-BUDGET-0318,2025-02-01,DEPARTMENT-014,Production & Manufacturing,COST-CENTER-PRD,50,10131000,156092,37000,138832,303930,10766854,5997551,1199510,85310,33163,113458,7428992,3337862,69.0,Within Budget,PKR,2025-02-28
DEPARTMENT-BUDGET-0319,2025-03-01,DEPARTMENT-014,Production & Manufacturing,COST-CENTER-PRD,50,10131000,144085,38000,142584,303930,10759599,6159648,1231929,69636,24473,129926,7615612,3143987,70.78,Within Budget,PKR,2025-03-28
DEPARTMENT-BUDGET-0320,2025-04-01,DEPARTMENT-014,Production & Manufacturing,COST-CENTER-PRD,50,10131000,144085,38000,142584,303930,10759599,6159648,1231929,113525,32411,146442,7683955,3075644,71.41,Within Budget,PKR,2025-04-28
DEPARTMENT-BUDGET-0321,2025-05-01,DEPARTMENT-014,Production & Manufacturing,COST-CENTER-PRD,50,10131000,144085,38000,142584,303930,10759599,6159648,1231929,72736,31790,119083,7615186,3144413,70.78,Within Budget,PKR,2025-05-28
DEPARTMENT-BUDGET-0322,2025-06-01,DEPARTMENT-014,Production & Manufacturing,COST-CENTER-PRD,50,10131000,132078,39000,146336,303930,10752344,6321744,1264348,111968,29624,155038,7882722,2869622,73.31,Within Budget,PKR,2025-06-28
DEPARTMENT-BUDGET-0323,2025-07-01,DEPARTMENT-014,Production & Manufacturing,COST-CENTER-PRD,50,10131000,132078,39000,146336,303930,10752344,6321744,1264348,69049,36446,131904,7823491,2928853,72.76,Within Budget,PKR,2025-07-28
DEPARTMENT-BUDGET-0324,2025-08-01,DEPARTMENT-014,Production & Manufacturing,COST-CENTER-PRD,50,10131000,108064,41000,153841,303930,10737835,6645936,1329187,76575,29975,165797,8247470,2490365,76.81,Within Budget,PKR,2025-08-28
DEPARTMENT-BUDGET-0325,2025-09-01,DEPARTMENT-014,Production & Manufacturing,COST-CENTER-PRD,50,10131000,120071,40000,150088,303930,10745089,6483840,1296768,41642,24021,128359,7974630,2770459,74.22,Within Budget,PKR,2025-09-28
DEPARTMENT-BUDGET-0326,2025-10-01,DEPARTMENT-014,Production & Manufacturing,COST-CENTER-PRD,50,10131000,96056,42000,157593,303930,10730579,6808032,1361606,72227,37769,147912,8427546,2303033,78.54,Within Budget,PKR,2025-10-28
DEPARTMENT-BUDGET-0327,2025-11-01,DEPARTMENT-014,Production & Manufacturing,COST-CENTER-PRD,50,10131000,72042,44000,165097,303930,10716069,7132223,1426444,26012,43901,162516,8791096,1924973,82.04,Within Budget,PKR,2025-11-28
DEPARTMENT-BUDGET-0328,2025-12-01,DEPARTMENT-014,Production & Manufacturing,COST-CENTER-PRD,50,10131000,60035,45000,168850,303930,10708815,7294319,1458863,31766,39002,132470,8956420,1752395,83.64,Within Budget,PKR,2025-12-28
DEPARTMENT-BUDGET-0329,2026-01-01,DEPARTMENT-014,Production & Manufacturing,COST-CENTER-PRD,52,11316702,108064,43000,161345,339501,11968612,7486433,1497286,96993,30987,164613,9276312,2692300,77.51,Within Budget,PKR,2026-01-28
DEPARTMENT-BUDGET-0330,2026-02-01,DEPARTMENT-014,Production & Manufacturing,COST-CENTER-PRD,52,11316702,132078,41000,153841,339501,11983122,7138227,1427645,43497,37223,127999,8774591,3208531,73.22,Within Budget,PKR,2026-02-28
DEPARTMENT-BUDGET-0331,2026-03-01,DEPARTMENT-014,Production & Manufacturing,COST-CENTER-PRD,52,11316702,120071,42000,157593,339501,11975867,7312330,1462466,63442,32773,168902,9039913,2935954,75.48,Within Budget,PKR,2026-03-28
DEPARTMENT-BUDGET-0332,2026-04-01,DEPARTMENT-014,Production & Manufacturing,COST-CENTER-PRD,52,11316702,108064,43000,161345,339501,11968612,7486433,1497286,77737,27706,184521,9273683,2694929,77.48,Within Budget,PKR,2026-04-28
DEPARTMENT-BUDGET-0333,2026-05-01,DEPARTMENT-014,Production & Manufacturing,COST-CENTER-PRD,52,11316702,84049,45000,168850,339501,11954102,7834639,1566927,66703,40958,148048,9657275,2296827,80.79,Within Budget,PKR,2026-05-28
DEPARTMENT-BUDGET-0334,2026-06-01,DEPARTMENT-014,Production & Manufacturing,COST-CENTER-PRD,52,11316702,84049,45000,168850,339501,11954102,7834639,1566927,42053,29629,127339,9600587,2353515,80.31,Within Budget,PKR,2026-06-28
DEPARTMENT-BUDGET-0335,2026-07-01,DEPARTMENT-014,Production & Manufacturing,COST-CENTER-PRD,52,11316702,84049,45000,168850,339501,11954102,7834639,1566927,69701,44695,175235,9691197,2262905,81.07,Within Budget,PKR,2026-07-28
DEPARTMENT-BUDGET-0336,2026-08-01,DEPARTMENT-014,Production & Manufacturing,COST-CENTER-PRD,52,11316702,84049,45000,168850,339501,11954102,7834639,1566927,48358,43229,156680,9649833,2304269,80.72,Within Budget,PKR,2026-08-01
DEPARTMENT-BUDGET-0337,2024-09-01,DEPARTMENT-015,Quality Assurance,COST-CENTER-QAS,48,10310666,123728,39000,167548,309319,10950261,6701933,1340386,79323,32972,131670,8286284,2663977,75.67,Within Budget,PKR,2024-09-28
DEPARTMENT-BUDGET-0338,2024-10-01,DEPARTMENT-015,Quality Assurance,COST-CENTER-QAS,48,10310666,109980,40000,171844,309319,10941809,6873777,1374755,76660,28329,137908,8491429,2450380,77.61,Within Budget,PKR,2024-10-28
DEPARTMENT-BUDGET-0339,2024-11-01,DEPARTMENT-015,Quality Assurance,COST-CENTER-QAS,48,10310666,96232,41000,176140,309319,10933357,7045622,1409124,82274,27861,210549,8775430,2157927,80.26,Within Budget,PKR,2024-11-28
DEPARTMENT-BUDGET-0340,2024-12-01,DEPARTMENT-015,Quality Assurance,COST-CENTER-QAS,48,10310666,54990,44000,189028,309319,10908003,7561155,1512231,29206,35386,210399,9348377,1559626,85.7,Within Budget,PKR,2024-12-28
DEPARTMENT-BUDGET-0341,2025-01-01,DEPARTMENT-015,Quality Assurance,COST-CENTER-QAS,48,11135520,96232,41000,176140,334065,11782957,7609272,1521854,62922,27119,163715,9384882,2398075,79.65,Within Budget,PKR,2025-01-28
DEPARTMENT-BUDGET-0342,2025-02-01,DEPARTMENT-015,Quality Assurance,COST-CENTER-QAS,48,11135520,109980,40000,171844,334065,11791409,7423680,1484736,84853,30055,177642,9200966,2590443,78.03,Within Budget,PKR,2025-02-28
DEPARTMENT-BUDGET-0343,2025-03-01,DEPARTMENT-015,Quality Assurance,COST-CENTER-QAS,48,11135520,109980,40000,171844,334065,11791409,7423680,1484736,47922,36577,198893,9191808,2599601,77.95,Within Budget,PKR,2025-03-28
DEPARTMENT-BUDGET-0344,2025-04-01,DEPARTMENT-015,Quality Assurance,COST-CENTER-QAS,48,11135520,82485,42000,180436,334065,11774506,7794864,1558972,72418,40122,142977,9609353,2165153,81.61,Within Budget,PKR,2025-04-28
DEPARTMENT-BUDGET-0345,2025-05-01,DEPARTMENT-015,Quality Assurance,COST-CENTER-QAS,48,11135520,68737,43000,184732,334065,11766054,7980456,1596091,27567,42200,215426,9861740,1904314,83.82,Within Budget,PKR,2025-05-28
DEPARTMENT-BUDGET-0346,2025-06-01,DEPARTMENT-015,Quality Assurance,COST-CENTER-QAS,48,11135520,82485,42000,180436,334065,11774506,7794864,1558972,43231,33556,200005,9630628,2143878,81.79,Within Budget,PKR,2025-06-28
DEPARTMENT-BUDGET-0347,2025-07-01,DEPARTMENT-015,Quality Assurance,COST-CENTER-QAS,48,11135520,68737,43000,184732,334065,11766054,7980456,1596091,23217,28719,181430,9809913,1956141,83.37,Within Budget,PKR,2025-07-28
DEPARTMENT-BUDGET-0348,2025-08-01,DEPARTMENT-015,Quality Assurance,COST-CENTER-QAS,48,11135520,82485,42000,180436,334065,11774506,7794864,1558972,56074,28674,168100,9606684,2167822,81.59,Within Budget,PKR,2025-08-28
DEPARTMENT-BUDGET-0349,2025-09-01,DEPARTMENT-015,Quality Assurance,COST-CENTER-QAS,48,11135520,68737,43000,184732,334065,11766054,7980456,1596091,59861,28345,199444,9864197,1901857,83.84,Within Budget,PKR,2025-09-28
DEPARTMENT-BUDGET-0350,2025-10-01,DEPARTMENT-015,Quality Assurance,COST-CENTER-QAS,48,11135520,68737,43000,184732,334065,11766054,7980456,1596091,21335,39450,164299,9801631,1964423,83.3,Within Budget,PKR,2025-10-28
DEPARTMENT-BUDGET-0351,2025-11-01,DEPARTMENT-015,Quality Assurance,COST-CENTER-QAS,48,11135520,41242,45000,193325,334065,11749152,8351640,1670328,13255,31210,231534,10297967,1451185,87.65,Within Budget,PKR,2025-11-28
DEPARTMENT-BUDGET-0352,2025-12-01,DEPARTMENT-015,Quality Assurance,COST-CENTER-QAS,48,11135520,41242,45000,193325,334065,11749152,8351640,1670328,25654,44648,164056,10256326,1492826,87.29,Within Budget,PKR,2025-12-28
DEPARTMENT-BUDGET-0353,2026-01-01,DEPARTMENT-015,Quality Assurance,COST-CENTER-QAS,49,12209547,96232,42000,180436,366286,12894501,8372261,1674452,83763,39786,178561,10348823,2545678,80.26,Within Budget,PKR,2026-01-28
DEPARTMENT-BUDGET-0354,2026-02-01,DEPARTMENT-015,Quality Assurance,COST-CENTER-QAS,49,12209547,68737,44000,189028,366286,12877598,8770940,1754188,59158,36097,176361,10796744,2080854,83.84,Within Budget,PKR,2026-02-28
DEPARTMENT-BUDGET-0355,2026-03-01,DEPARTMENT-015,Quality Assurance,COST-CENTER-QAS,49,12209547,82485,43000,184732,366286,12886050,8571600,1714320,28678,39347,186947,10540892,2345158,81.8,Within Budget,PKR,2026-03-28
DEPARTMENT-BUDGET-0356,2026-04-01,DEPARTMENT-015,Quality Assurance,COST-CENTER-QAS,49,12209547,82485,43000,184732,366286,12886050,8571600,1714320,25988,41455,207705,10561068,2324982,81.96,Within Budget,PKR,2026-04-28
DEPARTMENT-BUDGET-0357,2026-05-01,DEPARTMENT-015,Quality Assurance,COST-CENTER-QAS,49,12209547,68737,44000,189028,366286,12877598,8770940,1754188,48661,31686,152966,10758441,2119157,83.54,Within Budget,PKR,2026-05-28
DEPARTMENT-BUDGET-0358,2026-06-01,DEPARTMENT-015,Quality Assurance,COST-CENTER-QAS,49,12209547,68737,44000,189028,366286,12877598,8770940,1754188,21427,40600,197902,10785057,2092541,83.75,Within Budget,PKR,2026-06-28
DEPARTMENT-BUDGET-0359,2026-07-01,DEPARTMENT-015,Quality Assurance,COST-CENTER-QAS,49,12209547,41242,46000,197621,366286,12860696,9169619,1833923,26290,30565,187699,11248096,1612600,87.46,Within Budget,PKR,2026-07-28
DEPARTMENT-BUDGET-0360,2026-08-01,DEPARTMENT-015,Quality Assurance,COST-CENTER-QAS,49,12209547,54990,45000,193325,366286,12869148,8970280,1794056,26511,36305,231823,11058975,1810173,85.93,Within Budget,PKR,2026-08-01
DEPARTMENT-BUDGET-0361,2024-09-01,DEPARTMENT-016,Research & Development,COST-CENTER-RND,48,12228000,179344,37000,188515,366840,12999699,7540600,1508120,68160,36502,206822,9360204,3639495,72.0,Within Budget,PKR,2024-09-28
DEPARTMENT-BUDGET-0362,2024-10-01,DEPARTMENT-016,Research & Development,COST-CENTER-RND,48,12228000,179344,37000,188515,366840,12999699,7540600,1508120,89064,25404,182559,9345747,3653952,71.89,Within Budget,PKR,2024-10-28
DEPARTMENT-BUDGET-0363,2024-11-01,DEPARTMENT-016,Research & Development,COST-CENTER-RND,48,12228000,146736,39000,198705,366840,12979281,7948200,1589640,48336,30010,155519,9771705,3207576,75.29,Within Budget,PKR,2024-11-28
DEPARTMENT-BUDGET-0364,2024-12-01,DEPARTMENT-016,Research & Development,COST-CENTER-RND,48,12228000,163040,38000,193610,366840,12989490,7744400,1548880,64051,30762,180356,9568449,3421041,73.66,Within Budget,PKR,2024-12-28
DEPARTMENT-BUDGET-0365,2025-01-01,DEPARTMENT-016,Research & Development,COST-CENTER-RND,49,13481370,179344,38000,193610,404441,14296765,8363952,1672790,99125,30038,155006,10320911,3975854,72.19,Within Budget,PKR,2025-01-28
DEPARTMENT-BUDGET-0366,2025-02-01,DEPARTMENT-016,Research & Development,COST-CENTER-RND,49,13481370,163040,39000,198705,404441,14286556,8584056,1716811,117710,34136,237696,10690409,3596147,74.83,Within Budget,PKR,2025-02-28
DEPARTMENT-BUDGET-0367,2025-03-01,DEPARTMENT-016,Research & Development,COST-CENTER-RND,49,13481370,163040,39000,198705,404441,14286556,8584056,1716811,96325,24599,164746,10586537,3700019,74.1,Within Budget,PKR,2025-03-28
DEPARTMENT-BUDGET-0368,2025-04-01,DEPARTMENT-016,Research & Development,COST-CENTER-RND,49,13481370,163040,39000,198705,404441,14286556,8584056,1716811,104306,27335,220582,10653090,3633466,74.57,Within Budget,PKR,2025-04-28
DEPARTMENT-BUDGET-0369,2025-05-01,DEPARTMENT-016,Research & Development,COST-CENTER-RND,49,13481370,163040,39000,198705,404441,14286556,8584056,1716811,124335,30267,212087,10667556,3619000,74.67,Within Budget,PKR,2025-05-28
DEPARTMENT-BUDGET-0370,2025-06-01,DEPARTMENT-016,Research & Development,COST-CENTER-RND,49,13481370,163040,39000,198705,404441,14286556,8584056,1716811,114306,25259,226785,10667217,3619339,74.67,Within Budget,PKR,2025-06-28
DEPARTMENT-BUDGET-0371,2025-07-01,DEPARTMENT-016,Research & Development,COST-CENTER-RND,49,13481370,146736,40000,203800,404441,14276347,8804160,1760832,79782,33213,190364,10868351,3407996,76.13,Within Budget,PKR,2025-07-28
DEPARTMENT-BUDGET-0372,2025-08-01,DEPARTMENT-016,Research & Development,COST-CENTER-RND,49,13481370,130432,41000,208895,404441,14266138,9024264,1804852,77360,24784,158180,11089440,3176698,77.73,Within Budget,PKR,2025-08-28
DEPARTMENT-BUDGET-0373,2025-09-01,DEPARTMENT-016,Research & Development,COST-CENTER-RND,49,13481370,146736,40000,203800,404441,14276347,8804160,1760832,55923,36906,186596,10844417,3431930,75.96,Within Budget,PKR,2025-09-28
DEPARTMENT-BUDGET-0374,2025-10-01,DEPARTMENT-016,Research & Development,COST-CENTER-RND,49,13481370,114128,42000,213990,404441,14255929,9244368,1848873,47895,38166,232603,11411905,2844024,80.05,Within Budget,PKR,2025-10-28
DEPARTMENT-BUDGET-0375,2025-11-01,DEPARTMENT-016,Research & Development,COST-CENTER-RND,49,13481370,114128,42000,213990,404441,14255929,9244368,1848873,41363,32470,254190,11421264,2834665,80.12,Within Budget,PKR,2025-11-28
DEPARTMENT-BUDGET-0376,2025-12-01,DEPARTMENT-016,Research & Development,COST-CENTER-RND,49,13481370,114128,42000,213990,404441,14255929,9244368,1848873,63717,32122,220134,11409214,2846715,80.03,Within Budget,PKR,2025-12-28
DEPARTMENT-BUDGET-0377,2026-01-01,DEPARTMENT-016,Research & Development,COST-CENTER-RND,50,14775500,130432,42000,213990,443265,15605187,9929136,1985827,99086,30285,165736,12210070,3395117,78.24,Within Budget,PKR,2026-01-28
DEPARTMENT-BUDGET-0378,2026-02-01,DEPARTMENT-016,Research & Development,COST-CENTER-RND,50,14775500,130432,42000,213990,443265,15605187,9929136,1985827,56095,31895,222263,12225216,3379971,78.34,Within Budget,PKR,2026-02-28
DEPARTMENT-BUDGET-0379,2026-03-01,DEPARTMENT-016,Research & Development,COST-CENTER-RND,50,14775500,114128,43000,219085,443265,15594978,10165544,2033108,43477,33184,218199,12493512,3101466,80.11,Within Budget,PKR,2026-03-28
DEPARTMENT-BUDGET-0380,2026-04-01,DEPARTMENT-016,Research & Development,COST-CENTER-RND,50,14775500,97824,44000,224180,443265,15584769,10401952,2080390,86083,31679,251526,12851630,2733139,82.46,Within Budget,PKR,2026-04-28
DEPARTMENT-BUDGET-0381,2026-05-01,DEPARTMENT-016,Research & Development,COST-CENTER-RND,50,14775500,97824,44000,224180,443265,15584769,10401952,2080390,86018,31378,174007,12773745,2811024,81.96,Within Budget,PKR,2026-05-28
DEPARTMENT-BUDGET-0382,2026-06-01,DEPARTMENT-016,Research & Development,COST-CENTER-RND,50,14775500,114128,43000,219085,443265,15594978,10165544,2033108,42160,33535,205107,12479454,3115524,80.02,Within Budget,PKR,2026-06-28
DEPARTMENT-BUDGET-0383,2026-07-01,DEPARTMENT-016,Research & Development,COST-CENTER-RND,50,14775500,81520,45000,229275,443265,15574560,10638360,2127672,36525,34969,231557,13069083,2505477,83.91,Within Budget,PKR,2026-07-28
DEPARTMENT-BUDGET-0384,2026-08-01,DEPARTMENT-016,Research & Development,COST-CENTER-RND,50,14775500,81520,45000,229275,443265,15574560,10638360,2127672,33926,34616,173441,13008015,2566545,83.52,Within Budget,PKR,2026-08-01
