Department_ID,Department_Name,Business_Unit_ID,Business_Unit_Name,Department_Code,Parent_Department_ID,Department_Head_Position_ID,Cost_Center_ID,Primary_Work_Location_ID,Current_Employee_Count,Approved_Position_Count,Budgeted_Position_Count,Active_Status,Effective_Start_Date,Effective_End_Date
DEPARTMENT-001,HR,BUSINESS-UNIT-002,Corporate Services,HR,,EXEC-HR-HEAD,COST-CENTER-HR,LOC-HQ,45,44,44,Active,2024-01-01,
DEPARTMENT-002,Finance,BUSINESS-UNIT-002,Corporate Services,FIN,,EXEC-FIN-HEAD,COST-CENTER-FIN,LOC-HQ,45,48,47,Active,2024-01-01,
DEPARTMENT-003,Sales,BUSINESS-UNIT-001,Commercial Services,SAL,,EXEC-SAL-HEAD,COST-CENTER-SAL,LOC-NORTH,45,52,50,Active,2024-01-01,
DEPARTMENT-004,Customer Support,BUSINESS-UNIT-001,Commercial Services,CS,,EXEC-CS-HEAD,COST-CENTER-CS,LOC-CENTRAL,45,50,49,Active,2024-01-01,
DEPARTMENT-005,Engineering,BUSINESS-UNIT-007,Technology and Innovation,ENG,,EXEC-ENG-HEAD,COST-CENTER-ENG,LOC-HQ,45,54,51,Active,2024-01-01,
DEPARTMENT-006,Operations,BUSINESS-UNIT-003,Enterprise Operations,OPS,,EXEC-OPS-HEAD,COST-CENTER-OPS,LOC-CENTRAL,45,51,49,Active,2024-01-01,
DEPARTMENT-007,IT,BUSINESS-UNIT-007,Technology and Innovation,IT,,EXEC-IT-HEAD,COST-CENTER-IT,LOC-HQ,45,49,48,Active,2024-01-01,
DEPARTMENT-008,Medical Care,BUSINESS-UNIT-004,Healthcare Services,MED,,EXEC-MED-HEAD,COST-CENTER-MED,LOC-MEDICAL,45,55,52,Active,2024-01-01,
DEPARTMENT-009,Training & Development,BUSINESS-UNIT-006,Learning Services,TRN,,EXEC-TRN-HEAD,COST-CENTER-TRN,LOC-CAMPUS,45,47,47,Active,2024-01-01,
DEPARTMENT-010,Administration & Facilities,BUSINESS-UNIT-002,Corporate Services,ADM,,EXEC-ADM-HEAD,COST-CENTER-ADM,LOC-HQ,45,45,45,Active,2024-01-01,
DEPARTMENT-011,Legal & Compliance,BUSINESS-UNIT-002,Corporate Services,LGL,,EXEC-LGL-HEAD,COST-CENTER-LGL,LOC-HQ,45,43,43,Active,2024-01-01,
DEPARTMENT-012,Procurement & Supply Chain,BUSINESS-UNIT-003,Enterprise Operations,PRC,,EXEC-PRC-HEAD,COST-CENTER-PRC,LOC-CENTRAL,45,48,47,Active,2024-01-01,
DEPARTMENT-013,Logistics & Warehouse,BUSINESS-UNIT-003,Enterprise Operations,LOG,,EXEC-LOG-HEAD,COST-CENTER-LOG,LOC-HUB,45,53,50,Active,2024-01-01,
DEPARTMENT-014,Production & Manufacturing,BUSINESS-UNIT-005,Industrial Operations,PRD,,EXEC-PRD-HEAD,COST-CENTER-PRD,LOC-PLANT,45,56,52,Active,2024-01-01,
DEPARTMENT-015,Quality Assurance,BUSINESS-UNIT-005,Industrial Operations,QAS,,EXEC-QAS-HEAD,COST-CENTER-QAS,LOC-PLANT,45,50,49,Active,2024-01-01,
DEPARTMENT-016,Research & Development,BUSINESS-UNIT-007,Technology and Innovation,RND,,EXEC-RND-HEAD,COST-CENTER-RND,LOC-HQ,45,52,50,Active,2024-01-01,
