Exception_ID,Department_ID,Department_Name,Exception_Type,Severity,Metric_Name,Current_Value,Threshold_Value,Exception_Description,Recommended_Action,Detected_Date,Exception_Status
HEADCOUNT-EXCEPTION-0001,DEPARTMENT-001,HR,Overstaffed Department,Warning,Overstaffed Employee Count,1,0,HR has more current employees than approved positions.,"Review temporary positions, transfers, and next workforce plan approval.",2026-08-01,Open
HEADCOUNT-EXCEPTION-0002,DEPARTMENT-001,HR,People Budget Pressure,Warning,Budget Utilization Percentage,95.61,92,HR is using more than ninety-two percent of its approved people budget.,"Update forecast and evaluate overtime, vacancies, and compensation changes.",2026-08-01,Open
HEADCOUNT-EXCEPTION-0003,DEPARTMENT-002,Finance,Long-Open Vacancies,Critical,Positions Vacant More Than 90 Days,2,0,Finance has positions open longer than the ninety-day review threshold.,Prioritize critical vacancies and review recruitment bottlenecks.,2026-08-01,Open
HEADCOUNT-EXCEPTION-0004,DEPARTMENT-003,Sales,Long-Open Vacancies,Critical,Positions Vacant More Than 90 Days,6,0,Sales has positions open longer than the ninety-day review threshold.,Prioritize critical vacancies and review recruitment bottlenecks.,2026-08-01,Open
HEADCOUNT-EXCEPTION-0005,DEPARTMENT-003,Sales,Understaffing,Warning,Vacancy Rate Percentage,13.46,10,Sales has a vacancy rate at or above ten percent.,"Review hiring plan, internal mobility, and demand assumptions.",2026-08-01,Open
HEADCOUNT-EXCEPTION-0006,DEPARTMENT-004,Customer Support,Long-Open Vacancies,Critical,Positions Vacant More Than 90 Days,4,0,Customer Support has positions open longer than the ninety-day review threshold.,Prioritize critical vacancies and review recruitment bottlenecks.,2026-08-01,Open
HEADCOUNT-EXCEPTION-0007,DEPARTMENT-004,Customer Support,Understaffing,Warning,Vacancy Rate Percentage,10.0,10,Customer Support has a vacancy rate at or above ten percent.,"Review hiring plan, internal mobility, and demand assumptions.",2026-08-01,Open
HEADCOUNT-EXCEPTION-0008,DEPARTMENT-005,Engineering,Long-Open Vacancies,Critical,Positions Vacant More Than 90 Days,6,0,Engineering has positions open longer than the ninety-day review threshold.,Prioritize critical vacancies and review recruitment bottlenecks.,2026-08-01,Open
HEADCOUNT-EXCEPTION-0009,DEPARTMENT-005,Engineering,Understaffing,Warning,Vacancy Rate Percentage,16.67,10,Engineering has a vacancy rate at or above ten percent.,"Review hiring plan, internal mobility, and demand assumptions.",2026-08-01,Open
HEADCOUNT-EXCEPTION-0010,DEPARTMENT-006,Operations,Long-Open Vacancies,Critical,Positions Vacant More Than 90 Days,6,0,Operations has positions open longer than the ninety-day review threshold.,Prioritize critical vacancies and review recruitment bottlenecks.,2026-08-01,Open
HEADCOUNT-EXCEPTION-0011,DEPARTMENT-006,Operations,Understaffing,Warning,Vacancy Rate Percentage,11.76,10,Operations has a vacancy rate at or above ten percent.,"Review hiring plan, internal mobility, and demand assumptions.",2026-08-01,Open
HEADCOUNT-EXCEPTION-0012,DEPARTMENT-007,IT,Long-Open Vacancies,Critical,Positions Vacant More Than 90 Days,4,0,IT has positions open longer than the ninety-day review threshold.,Prioritize critical vacancies and review recruitment bottlenecks.,2026-08-01,Open
HEADCOUNT-EXCEPTION-0013,DEPARTMENT-008,Medical Care,Long-Open Vacancies,Critical,Positions Vacant More Than 90 Days,9,0,Medical Care has positions open longer than the ninety-day review threshold.,Prioritize critical vacancies and review recruitment bottlenecks.,2026-08-01,Open
HEADCOUNT-EXCEPTION-0014,DEPARTMENT-008,Medical Care,Understaffing,Warning,Vacancy Rate Percentage,18.18,10,Medical Care has a vacancy rate at or above ten percent.,"Review hiring plan, internal mobility, and demand assumptions.",2026-08-01,Open
HEADCOUNT-EXCEPTION-0015,DEPARTMENT-009,Training & Development,Long-Open Vacancies,Warning,Positions Vacant More Than 90 Days,1,0,Training & Development has positions open longer than the ninety-day review threshold.,Prioritize critical vacancies and review recruitment bottlenecks.,2026-08-01,Open
HEADCOUNT-EXCEPTION-0016,DEPARTMENT-010,Administration & Facilities,People Budget Pressure,Warning,Budget Utilization Percentage,93.14,92,Administration & Facilities is using more than ninety-two percent of its approved people budget.,"Update forecast and evaluate overtime, vacancies, and compensation changes.",2026-08-01,Open
HEADCOUNT-EXCEPTION-0017,DEPARTMENT-011,Legal & Compliance,Overstaffed Department,Warning,Overstaffed Employee Count,2,0,Legal & Compliance has more current employees than approved positions.,"Review temporary positions, transfers, and next workforce plan approval.",2026-08-01,Open
HEADCOUNT-EXCEPTION-0018,DEPARTMENT-011,Legal & Compliance,People Budget Pressure,Warning,Budget Utilization Percentage,97.22,92,Legal & Compliance is using more than ninety-two percent of its approved people budget.,"Update forecast and evaluate overtime, vacancies, and compensation changes.",2026-08-01,Open
HEADCOUNT-EXCEPTION-0019,DEPARTMENT-012,Procurement & Supply Chain,Long-Open Vacancies,Critical,Positions Vacant More Than 90 Days,3,0,Procurement & Supply Chain has positions open longer than the ninety-day review threshold.,Prioritize critical vacancies and review recruitment bottlenecks.,2026-08-01,Open
HEADCOUNT-EXCEPTION-0020,DEPARTMENT-013,Logistics & Warehouse,Long-Open Vacancies,Critical,Positions Vacant More Than 90 Days,6,0,Logistics & Warehouse has positions open longer than the ninety-day review threshold.,Prioritize critical vacancies and review recruitment bottlenecks.,2026-08-01,Open
HEADCOUNT-EXCEPTION-0021,DEPARTMENT-013,Logistics & Warehouse,Understaffing,Warning,Vacancy Rate Percentage,15.09,10,Logistics & Warehouse has a vacancy rate at or above ten percent.,"Review hiring plan, internal mobility, and demand assumptions.",2026-08-01,Open
HEADCOUNT-EXCEPTION-0022,DEPARTMENT-014,Production & Manufacturing,Long-Open Vacancies,Critical,Positions Vacant More Than 90 Days,8,0,Production & Manufacturing has positions open longer than the ninety-day review threshold.,Prioritize critical vacancies and review recruitment bottlenecks.,2026-08-01,Open
HEADCOUNT-EXCEPTION-0023,DEPARTMENT-014,Production & Manufacturing,Understaffing,Warning,Vacancy Rate Percentage,19.64,10,Production & Manufacturing has a vacancy rate at or above ten percent.,"Review hiring plan, internal mobility, and demand assumptions.",2026-08-01,Open
HEADCOUNT-EXCEPTION-0024,DEPARTMENT-015,Quality Assurance,Long-Open Vacancies,Critical,Positions Vacant More Than 90 Days,3,0,Quality Assurance has positions open longer than the ninety-day review threshold.,Prioritize critical vacancies and review recruitment bottlenecks.,2026-08-01,Open
HEADCOUNT-EXCEPTION-0025,DEPARTMENT-015,Quality Assurance,Understaffing,Warning,Vacancy Rate Percentage,10.0,10,Quality Assurance has a vacancy rate at or above ten percent.,"Review hiring plan, internal mobility, and demand assumptions.",2026-08-01,Open
HEADCOUNT-EXCEPTION-0026,DEPARTMENT-016,Research & Development,Long-Open Vacancies,Critical,Positions Vacant More Than 90 Days,5,0,Research & Development has positions open longer than the ninety-day review threshold.,Prioritize critical vacancies and review recruitment bottlenecks.,2026-08-01,Open
HEADCOUNT-EXCEPTION-0027,DEPARTMENT-016,Research & Development,Understaffing,Warning,Vacancy Rate Percentage,13.46,10,Research & Development has a vacancy rate at or above ten percent.,"Review hiring plan, internal mobility, and demand assumptions.",2026-08-01,Open
HEADCOUNT-EXCEPTION-0028,DEPARTMENT-001,HR,Filled Position Without Approved Budget,Critical,Budgeted Position,No,Yes,POS-222 is filled but is not included in the approved position budget.,Obtain temporary budget approval or regularize the position in the workforce plan.,2026-08-01,Open
HEADCOUNT-EXCEPTION-0029,DEPARTMENT-011,Legal & Compliance,Filled Position Without Approved Budget,Critical,Budgeted Position,No,Yes,POS-480 is filled but is not included in the approved position budget.,Obtain temporary budget approval or regularize the position in the workforce plan.,2026-08-01,Open
HEADCOUNT-EXCEPTION-0030,DEPARTMENT-011,Legal & Compliance,Filled Position Without Approved Budget,Critical,Budgeted Position,No,Yes,POS-481 is filled but is not included in the approved position budget.,Obtain temporary budget approval or regularize the position in the workforce plan.,2026-08-01,Open
