Process_Code,Field_Order,Field_Key,Field_Label,Field_Type,Required,Lookup_Source,Validation_Rule,Default_Source,Notes
PROB_CONFIRM,1,employee_id,Employee,employee_lookup,Yes,Employee_Profile.csv,Must exist in current 720 Employee_ID set,,Reuse existing employee lookup; never create a second employee master.
PROB_CONFIRM,2,effective_date,Confirmation effective date,date,Yes,,>= Hire_Date and <= action horizon,,Date employee becomes Active.
PROB_CONFIRM,3,decision,Decision,enum,Yes,,CONFIRM only for this process,CONFIRM,Explicit action code.
PROB_CONFIRM,4,note,HR note,text,No,,Max 500 chars,,Audit note.
PROB_EXTEND,1,employee_id,Employee,employee_lookup,Yes,Employee_Profile.csv,Must exist in current 720 Employee_ID set,,Reuse existing employee lookup; never create a second employee master.
PROB_EXTEND,2,effective_date,Extension effective date,date,Yes,,>= original probation end,,Date extension starts.
PROB_EXTEND,3,extension_months,Extension period (months),integer,Yes,,"1, 2, or 3",,Short controlled extension only.
PROB_EXTEND,4,extension_reason,Extension reason,enum,Yes,,PERFORMANCE_REVIEW | ATTENDANCE_REVIEW | MANAGER_REVIEW | DOCUMENTATION,,Structured reason for analytics.
PROB_EXTEND,5,note,HR note,text,No,,Max 500 chars,,Audit note.
CONTRACT_RENEW,1,employee_id,Employee,employee_lookup,Yes,Employee_Profile.csv,Must exist in current 720 Employee_ID set,,Reuse existing employee lookup; never create a second employee master.
CONTRACT_RENEW,2,effective_date,Renewal effective date,date,Yes,,Must be on/after current contract end,,Start of renewed term.
CONTRACT_RENEW,3,new_end_date,New contract end date,date,Yes,,Must be > effective_date,,Future contract expiry.
CONTRACT_RENEW,4,renewal_term_months,Renewal term (months),integer,Yes,,"6, 12, or 24",,Used for validation.
CONTRACT_RENEW,5,note,HR note,text,No,,Max 500 chars,,Audit note.
REHIRE,1,employee_id,Employee,employee_lookup,Yes,Employee_Profile.csv,Must exist in current 720 Employee_ID set,,Rehire history is additive; no second employee master.
REHIRE,2,effective_date,Rehire effective date,date,Yes,,Must be after prior service/exit date when available,,Date employee re-enters active service.
REHIRE,3,target_department_id,Department,department_lookup,Yes,Department_Master.csv,Active department only,Employee_Profile.Department_ID,Demo may reuse current department for historical rehire records.
REHIRE,4,target_position_id,Position,position_lookup,Yes,Position_Master.csv,Approved position; current position allowed for historical applied record,Employee_Profile.Position_ID,For future rehire execution target should be available.
REHIRE,5,rehire_reason,Rehire reason,enum,Yes,,RETURNING_TALENT | CRITICAL_SKILL | BUSINESS_NEED | FORMER_HIGH_PERFORMER,,Structured analytics category.
REHIRE,6,note,HR note,text,No,,Max 500 chars,,Audit note.
CONTRACT_END,1,employee_id,Employee,employee_lookup,Yes,Employee_Profile.csv,Employment_Type must be Contract,,Only current contract employees.
CONTRACT_END,2,effective_date,Contract end date,date,Yes,,Should equal or precede current operational contract end only with reason,Employee_HR_Operational_State.Contract_Current_End_Date,Becomes the planned exit date.
CONTRACT_END,3,end_reason,End / non-renewal reason,enum,Yes,,CONTRACT_COMPLETION | PROJECT_END | PERFORMANCE | WORKFORCE_PLAN | EMPLOYEE_REQUEST,,Structured reason.
CONTRACT_END,4,settlement_required,Final settlement required,boolean,Yes,,Yes/No,Yes,Creates or links a final-settlement action later.
CONTRACT_END,5,note,HR note,text,No,,Max 500 chars,,Audit note.
RESIGNATION,1,employee_id,Employee,employee_lookup,Yes,Employee_Profile.csv,Must exist in current 720 Employee_ID set,,Reuse existing employee lookup; never create a second employee master.
RESIGNATION,2,notice_date,Notice date,date,Yes,,<= effective_date,,Notice received date.
RESIGNATION,3,effective_date,Last working date,date,Yes,,> notice_date,,Core changes only on this date.
RESIGNATION,4,resignation_reason,Reason category,enum,Yes,,CAREER_OPPORTUNITY | PERSONAL | RELOCATION | ROLE_GROWTH,,Structured for analytics.
RESIGNATION,5,note,HR note,text,No,,Max 500 chars,,Audit note.
RESIGN_WITHDRAW,1,employee_id,Employee,employee_lookup,Yes,Employee_Profile.csv,Must have a scheduled resignation,,Same employee as source resignation.
RESIGN_WITHDRAW,2,resignation_action_record_id,Resignation reference,action_record_lookup,Yes,HR_Action_Records.csv,Must reference active scheduled RESIGNATION action,,Explicit reversal link.
RESIGN_WITHDRAW,3,effective_date,Withdrawal date,date,Yes,,Must be before resignation effective date,,Cancellation takes effect immediately.
RESIGN_WITHDRAW,4,withdrawal_reason,Withdrawal reason,enum,Yes,,RETENTION_AGREED | ROLE_CHANGE | PERSONAL_CIRCUMSTANCES_RESOLVED | COUNTEROFFER_ACCEPTED,,Structured retention analytics.
RESIGN_WITHDRAW,5,note,HR note,text,No,,Max 500 chars,,Audit note.
RETIREMENT,1,employee_id,Employee,employee_lookup,Yes,Employee_Profile.csv,Must exist in current 720 Employee_ID set,,Reuse existing employee lookup; never create a second employee master.
RETIREMENT,2,effective_date,Retirement date,date,Yes,,Must align to planned retirement date unless overridden,,Planned exit date.
RETIREMENT,3,retirement_type,Retirement type,enum,Yes,,NORMAL | EARLY | EXTENDED_SERVICE,NORMAL,Demo starts with normal retirement.
RETIREMENT,4,note,HR note,text,No,,Max 500 chars,,Audit note.
TERMINATION,1,employee_id,Employee,employee_lookup,Yes,Employee_Profile.csv,Must exist in current 720 Employee_ID set,,Reuse existing employee lookup; never create a second employee master.
TERMINATION,2,effective_date,Termination effective date,date,Yes,,>= recorded date,,Core changes only on this date.
TERMINATION,3,termination_category,Termination category,enum,Yes,,PERFORMANCE_OUTCOME | ATTENDANCE_DISCIPLINE | POLICY_OUTCOME,,Structured category; no free-form-only reason.
TERMINATION,4,reason_details,Reason details,text,Yes,,Max 500 chars,,Specific controlled explanation.
TERMINATION,5,note,HR note,text,No,,Max 500 chars,,Audit note.
FINAL_SETTLEMENT,1,employee_id,Employee,employee_lookup,Yes,Employee_Profile.csv,Must have a valid separation action,,Employee remains one of the same 720 source employees in the demo layer.
FINAL_SETTLEMENT,2,separation_action_record_id,Separation reference,action_record_lookup,Yes,HR_Action_Records.csv,Process must be RESIGNATION | RETIREMENT | TERMINATION | CONTRACT_END and not withdrawn,,Prevents detached settlement records.
FINAL_SETTLEMENT,3,effective_date,Settlement due date,date,Yes,,On or after separation effective date,,Operational due date; not a payroll calculation date.
FINAL_SETTLEMENT,4,settlement_status,Settlement status,enum,Yes,,PENDING | IN_REVIEW | READY | COMPLETED,PENDING,Workflow status only.
FINAL_SETTLEMENT,5,clearance_status,Clearance status,enum,Yes,,PENDING | PARTIAL | CLEARED,PENDING,Aggregated HR/asset clearance state.
FINAL_SETTLEMENT,6,note,HR note,text,No,,Max 500 chars,,Payroll values will be integrated later from the Payroll module.
PROMOTION,1,employee_id,Employee,employee_lookup,Yes,Employee_Profile.csv,Must exist in current 720 Employee_ID set,,Reuse existing employee lookup; never create a second employee master.
PROMOTION,2,effective_date,Promotion effective date,date,Yes,,Future/current effective date,,Controls when core assignment changes.
PROMOTION,3,target_position_id,Target approved position,position_lookup,Yes,Position_Master.csv,"Position must be Approved=Yes, Vacant, Not Frozen; higher Job_Level",,Validated server-side.
PROMOTION,4,promotion_reason,Promotion reason,enum,Yes,,MERIT | ROLE_EXPANSION | ANNUAL_CYCLE,,Patterns follow existing movement history.
PROMOTION,5,note,HR note,text,No,,Max 500 chars,,Audit note.
TRANSFER,1,employee_id,Employee,employee_lookup,Yes,Employee_Profile.csv,Must exist in current 720 Employee_ID set,,Reuse existing employee lookup; never create a second employee master.
TRANSFER,2,effective_date,Transfer effective date,date,Yes,,Future/current effective date,,Controls when source/target headcount changes.
TRANSFER,3,target_department_id,Target department,department_lookup,Yes,Department_Master.csv,Must be active and different from current department,,Validated server-side.
TRANSFER,4,target_position_id,Target approved position,position_lookup,Yes,Position_Master.csv,"Approved=Yes, Vacant, Not Frozen; compatible job level",,Validated server-side.
TRANSFER,5,transfer_reason,Transfer reason,enum,Yes,,WORKFORCE_BALANCING | EMPLOYEE_REQUEST | BUSINESS_REQUIREMENT | CAREER_DEVELOPMENT,,Patterns follow existing movement history.
TRANSFER,6,note,HR note,text,No,,Max 500 chars,,Audit note.
ACTING_CHARGE,1,employee_id,Employee,employee_lookup,Yes,Employee_Profile.csv,Active employee only,,Keeps primary assignment.
ACTING_CHARGE,2,effective_date,Charge start date,date,Yes,,Valid action date,,Temporary start.
ACTING_CHARGE,3,target_position_id,Acting / additional position,position_lookup,Yes,Position_Master.csv,Approved position; preferably vacant; same or higher level,,Does not permanently fill the target position.
ACTING_CHARGE,4,charge_type,Charge type,enum,Yes,,ACTING | ADDITIONAL_CHARGE,,Acting replaces duties temporarily; additional charge adds duties.
ACTING_CHARGE,5,end_date,Expected end date,date,Yes,,Must be after effective_date,,Temporary end.
ACTING_CHARGE,6,allowance_applicable,Allowance applicable,boolean,Yes,,Yes/No,No,Stored only; allowance calculation belongs to Payroll later.
ACTING_CHARGE,7,note,HR note,text,No,,Max 500 chars,,Audit note.
DEMOTION,1,employee_id,Employee,employee_lookup,Yes,Employee_Profile.csv,Current level above target level,,Action is auditable and effective-dated.
DEMOTION,2,effective_date,Demotion effective date,date,Yes,,Valid action date,,Core impact only on effective date.
DEMOTION,3,target_position_id,Lower-level position,position_lookup,Yes,Position_Master.csv,Approved + budgeted + vacant + not frozen; lower level than current,,Prefer same department.
DEMOTION,4,demotion_reason,Reason,enum,Yes,,PERFORMANCE_MANAGEMENT | ROLE_REALIGNMENT | DISCIPLINARY_OUTCOME,,No discipline workflow is implemented in this phase.
DEMOTION,5,note,HR note,text,No,,Max 500 chars,,Audit note.
SECONDMENT,1,employee_id,Employee,employee_lookup,Yes,Employee_Profile.csv,Active employee; no conflicting permanent movement,,Home assignment remains.
SECONDMENT,2,effective_date,Secondment start date,date,Yes,,Valid action date,,Temporary host start.
SECONDMENT,3,target_department_id,Host department,department_lookup,Yes,Department_Master.csv,Must differ from current department,,Temporary host unit.
SECONDMENT,4,target_position_id,Host position,position_lookup,Yes,Position_Master.csv,Approved position; suitable job level; host department match,,Does not permanently close home assignment.
SECONDMENT,5,expected_return_date,Expected return date,date,Yes,,Must be after effective_date,,Secondment duration control.
SECONDMENT,6,secondment_reason,Reason,enum,Yes,,PROJECT_SUPPORT | CAPABILITY_TRANSFER | TEMPORARY_COVER | DEVELOPMENT_ASSIGNMENT,,Structured reason.
SECONDMENT,7,note,HR note,text,No,,Max 500 chars,,Audit note.
