KPI_ID,KPI_Name,KPI_Group,KPI_Category,KPI_Description,Applicable_Department,Measurement_Unit,Scoring_Direction,Floor_Value,Target_Value,Stretch_Value,Metric_Type,Evidence_Source,Production_Replacement_Source,Formula_Description,Critical_KPI_Flag,Applicable_Role_Bands,Aggregation_Method,Review_Frequency,Active_Status,Effective_Start_Date,Effective_End_Date,Evidence_Mode,Operational_Context
KPI-COM-ATT,Attendance and Punctuality,ATTENDANCE,Common,"Reliable attendance and punctual reporting, excluding approved leave.",All,Percentage,HIGHER_BETTER,90.0,95.0,99.0,DIRECT_PERCENT,Employee_Attendance.csv,HRIS / Time and Attendance,0.60 × attendance percentage + 0.40 × punctuality percentage; approved leave is not penalized.,No,All,Monthly weighted average,Monthly,Active,2025-09-01,,DERIVED_DEMO,
KPI-COM-RESP,Responsibility and Deadline Discipline,RESPONSIBILITY,Common,Completion of assigned responsibilities within agreed deadlines.,All,Score 0-100,HIGHER_BETTER,65.0,85.0,95.0,DIRECT_SCORE,Employee_Performance.csv,Task / Workflow / Project Management System,"Derived from goal completion, productivity and manager rating.",No,All,Monthly weighted average,Monthly,Active,2025-09-01,,DERIVED_DEMO,
KPI-COM-TEAM,Teamwork and Professional Communication,TEAMWORK,Common,"Constructive collaboration, communication and support to colleagues.",All,Score 0-100,HIGHER_BETTER,65.0,85.0,95.0,DIRECT_SCORE,Employee_Performance.csv + Employee_Profile.csv,360 Feedback / Manager Review,Derived from teamwork and manager-relationship evidence.,No,All,Monthly weighted average,Monthly,Active,2025-09-01,,DERIVED_DEMO,
KPI-COM-LEARN,Learning and Adaptability,LEARNING,Common,"Required learning, skill growth and effective adaptation to new work.",All,Score 0-100,HIGHER_BETTER,60.0,82.0,95.0,DIRECT_SCORE,Employee_Performance.csv + Employee_Skills.csv,LMS / Skills Assessment,Derived from learning agility and current assessed skill scores.,No,All,Monthly weighted average,Monthly,Active,2025-09-01,,DERIVED_DEMO,
KPI-LEAD-MENTOR,Mentoring and Knowledge Transfer,MENTORING,Role-Level,"Coaching, review support and knowledge transfer expected from senior employees.",All,Score 0-100,HIGHER_BETTER,60.0,82.0,95.0,DIRECT_SCORE,Employee_Performance.csv + Employee_Experience.csv,Mentoring Log / 360 Feedback,"Derived from teamwork, manager rating, leadership experience and project contribution.",No,Senior/Lead,Monthly weighted average,Monthly,Active,2025-09-01,,DERIVED_DEMO,
KPI-LEAD-TEAM,Team Leadership and Development,LEADERSHIP,Role-Level,"Team delivery, coaching, accountability and development of employees.",All,Score 0-100,HIGHER_BETTER,60.0,82.0,95.0,DIRECT_SCORE,Employee_Performance.csv + Employee_Profile.csv + Department aggregates,Team Performance / Engagement / Talent Review,"Derived from manager rating, team performance, teamwork and manager relationship.",No,Manager/Head,Monthly weighted average,Monthly,Active,2025-09-01,,DERIVED_DEMO,
KPI-HR-001,HR Service and Recruitment Target Achievement,OUTPUT,Department-Specific,Completed HR service cases or hires divided by assigned monthly target.,HR,Percentage,HIGHER_BETTER,70,100,115,RATIO_ACHIEVEMENT,Derived from existing HR performance patterns for demo,HRIS / ATS,Completed HR service cases or hires divided by assigned monthly target.,No,All role bands; measurement scope changes by role band,Monthly,Monthly,Active,2025-09-01,,DERIVED_DEMO,
KPI-HR-002,HR Data and Payroll Accuracy,QUALITY,Department-Specific,Accurate HR and payroll records divided by total processed records.,HR,Percentage,HIGHER_BETTER,97,99.5,100,DIRECT_PERCENT,Derived from existing HR performance patterns for demo,HRIS / Payroll,Accurate HR and payroll records divided by total processed records.,No,All role bands; measurement scope changes by role band,Monthly,Monthly,Active,2025-09-01,,DERIVED_DEMO,
KPI-HR-003,Employee Case Resolution Time,EFFICIENCY,Department-Specific,Average working days to resolve assigned employee cases.,HR,Days,LOWER_BETTER,10,5,2,DIRECT_LOWER,Derived from existing HR performance patterns for demo,HR case management,Average working days to resolve assigned employee cases.,No,All role bands; measurement scope changes by role band,Monthly,Monthly,Active,2025-09-01,,DERIVED_DEMO,
KPI-FIN-001,Reporting and Reconciliation Target Achievement,OUTPUT,Department-Specific,Completed reports and reconciliations divided by assigned monthly target.,Finance,Percentage,HIGHER_BETTER,75,100,112,RATIO_ACHIEVEMENT,Derived from existing HR performance patterns for demo,ERP / Finance System,Completed reports and reconciliations divided by assigned monthly target.,No,All role bands; measurement scope changes by role band,Monthly,Monthly,Active,2025-09-01,,DERIVED_DEMO,
KPI-FIN-002,Financial Transaction and Reconciliation Accuracy,QUALITY,Department-Specific,Correct transactions and reconciliations divided by total checked.,Finance,Percentage,HIGHER_BETTER,97,99.5,100,DIRECT_PERCENT,Derived from existing HR performance patterns for demo,ERP / Audit,Correct transactions and reconciliations divided by total checked.,Yes,All role bands; measurement scope changes by role band,Monthly,Monthly,Active,2025-09-01,,DERIVED_DEMO,
KPI-FIN-003,Financial Reporting Turnaround Time,EFFICIENCY,Department-Specific,Average working days to complete assigned reporting activities.,Finance,Days,LOWER_BETTER,7,4,2,DIRECT_LOWER,Derived from existing HR performance patterns for demo,ERP / Close Calendar,Average working days to complete assigned reporting activities.,No,All role bands; measurement scope changes by role band,Monthly,Monthly,Active,2025-09-01,,DERIVED_DEMO,
KPI-SAL-001,Sales Target Achievement,OUTPUT,Department-Specific,Actual monthly sales revenue divided by assigned sales target.,Sales,Percentage,HIGHER_BETTER,70,100,120,RATIO_ACHIEVEMENT,Derived from existing HR performance patterns for demo,CRM / Sales Ledger,Actual monthly sales revenue divided by assigned sales target.,No,All role bands; measurement scope changes by role band,Monthly,Monthly,Active,2025-09-01,,DERIVED_DEMO,
KPI-SAL-002,Collection Achievement,QUALITY,Department-Specific,Actual customer collections divided by assigned collection target.,Sales,Percentage,HIGHER_BETTER,75,95,108,RATIO_ACHIEVEMENT,Derived from existing HR performance patterns for demo,CRM / Collections,Actual customer collections divided by assigned collection target.,No,All role bands; measurement scope changes by role band,Monthly,Monthly,Active,2025-09-01,,DERIVED_DEMO,
KPI-SAL-003,Lead Conversion and Customer Retention Score,EFFICIENCY,Department-Specific,Weighted conversion and customer-retention rate.,Sales,Percentage,HIGHER_BETTER,65,85,95,DIRECT_PERCENT,Derived from existing HR performance patterns for demo,CRM,Weighted conversion and customer-retention rate.,No,All role bands; measurement scope changes by role band,Monthly,Monthly,Active,2025-09-01,,DERIVED_DEMO,
KPI-CS-001,Ticket Resolution Target Achievement,OUTPUT,Department-Specific,Resolved tickets divided by role-adjusted monthly target.,Customer Support,Percentage,HIGHER_BETTER,75,100,115,RATIO_ACHIEVEMENT,Derived from existing HR performance patterns for demo,Ticketing / Contact Centre,Resolved tickets divided by role-adjusted monthly target.,No,All role bands; measurement scope changes by role band,Monthly,Monthly,Active,2025-09-01,,DERIVED_DEMO,
KPI-CS-002,First Contact Resolution and Case Quality,QUALITY,Department-Specific,Weighted first-contact resolution and case-quality score.,Customer Support,Percentage,HIGHER_BETTER,70,85,95,DIRECT_PERCENT,Derived from existing HR performance patterns for demo,Quality Monitoring,Weighted first-contact resolution and case-quality score.,No,All role bands; measurement scope changes by role band,Monthly,Monthly,Active,2025-09-01,,DERIVED_DEMO,
KPI-CS-003,Support SLA Compliance,EFFICIENCY,Department-Specific,Tickets resolved within service-level agreement divided by total resolved tickets.,Customer Support,Percentage,HIGHER_BETTER,80,92,98,DIRECT_PERCENT,Derived from existing HR performance patterns for demo,Ticketing System,Tickets resolved within service-level agreement divided by total resolved tickets.,No,All role bands; measurement scope changes by role band,Monthly,Monthly,Active,2025-09-01,,DERIVED_DEMO,
KPI-ENG-001,Sprint Delivery Achievement,OUTPUT,Department-Specific,Completed accepted work divided by committed sprint work.,Engineering,Percentage,HIGHER_BETTER,70,100,115,RATIO_ACHIEVEMENT,Derived from existing HR performance patterns for demo,Jira / Project Tracker,Completed accepted work divided by committed sprint work.,No,All role bands; measurement scope changes by role band,Monthly,Monthly,Active,2025-09-01,,DERIVED_DEMO,
KPI-ENG-002,Escaped Defects per Release,QUALITY,Department-Specific,Production defects attributable to releases divided by number of releases.,Engineering,Defects per release,LOWER_BETTER,5,2,0.5,DIRECT_LOWER,Derived from existing HR performance patterns for demo,Defect Tracker,Production defects attributable to releases divided by number of releases.,No,All role bands; measurement scope changes by role band,Monthly,Monthly,Active,2025-09-01,,DERIVED_DEMO,
KPI-ENG-003,Production Change Success Rate,EFFICIENCY,Department-Specific,Production changes completed without rollback or incident divided by total changes.,Engineering,Percentage,HIGHER_BETTER,88,96,99.5,DIRECT_PERCENT,Derived from existing HR performance patterns for demo,CI/CD / Incident System,Production changes completed without rollback or incident divided by total changes.,No,All role bands; measurement scope changes by role band,Monthly,Monthly,Active,2025-09-01,,DERIVED_DEMO,
KPI-OPS-001,Operational Throughput Target Achievement,OUTPUT,Department-Specific,Completed work units divided by assigned operational target.,Operations,Percentage,HIGHER_BETTER,75,100,112,RATIO_ACHIEVEMENT,Derived from existing HR performance patterns for demo,Operations System,Completed work units divided by assigned operational target.,No,All role bands; measurement scope changes by role band,Monthly,Monthly,Active,2025-09-01,,DERIVED_DEMO,
KPI-OPS-002,Process Accuracy,QUALITY,Department-Specific,Correct work units divided by total quality-checked work units.,Operations,Percentage,HIGHER_BETTER,94,98.5,100,DIRECT_PERCENT,Derived from existing HR performance patterns for demo,Operations QA,Correct work units divided by total quality-checked work units.,No,All role bands; measurement scope changes by role band,Monthly,Monthly,Active,2025-09-01,,DERIVED_DEMO,
KPI-OPS-003,Operational SLA Compliance,EFFICIENCY,Department-Specific,Work units completed within agreed turnaround time divided by total completed work units.,Operations,Percentage,HIGHER_BETTER,80,92,98,DIRECT_PERCENT,Derived from existing HR performance patterns for demo,Workflow System,Work units completed within agreed turnaround time divided by total completed work units.,No,All role bands; measurement scope changes by role band,Monthly,Monthly,Active,2025-09-01,,DERIVED_DEMO,
KPI-IT-001,IT Service Delivery Target Achievement,OUTPUT,Department-Specific,Resolved incidents and requests divided by role-adjusted target.,IT,Percentage,HIGHER_BETTER,75,100,112,RATIO_ACHIEVEMENT,Derived from existing HR performance patterns for demo,ITSM,Resolved incidents and requests divided by role-adjusted target.,No,All role bands; measurement scope changes by role band,Monthly,Monthly,Active,2025-09-01,,DERIVED_DEMO,
KPI-IT-002,System Availability and Change Success,QUALITY,Department-Specific,Weighted system availability and successful-change rate.,IT,Percentage,HIGHER_BETTER,97,99.3,99.9,DIRECT_PERCENT,Derived from existing HR performance patterns for demo,Monitoring / Change System,Weighted system availability and successful-change rate.,No,All role bands; measurement scope changes by role band,Monthly,Monthly,Active,2025-09-01,,DERIVED_DEMO,
KPI-IT-003,Incident Resolution within SLA,EFFICIENCY,Department-Specific,Incidents resolved within SLA divided by total resolved incidents.,IT,Percentage,HIGHER_BETTER,80,92,98,DIRECT_PERCENT,Derived from existing HR performance patterns for demo,ITSM,Incidents resolved within SLA divided by total resolved incidents.,No,All role bands; measurement scope changes by role band,Monthly,Monthly,Active,2025-09-01,,DERIVED_DEMO,
KPI-MED-001,Planned Clinical Service Completion,OUTPUT,Department-Specific,Completed planned clinical services divided by role-adjusted target.,Medical Care,Percentage,HIGHER_BETTER,80,100,108,RATIO_ACHIEVEMENT,Derived from existing HR performance patterns for demo,EHR / Scheduling,Completed planned clinical services divided by role-adjusted target.,No,All role bands; measurement scope changes by role band,Monthly,Monthly,Active,2025-09-01,,DERIVED_DEMO,
KPI-MED-002,Clinical Protocol and Documentation Compliance,QUALITY,Department-Specific,Cases meeting clinical protocol and documentation standards divided by cases audited.,Medical Care,Percentage,HIGHER_BETTER,90,97,100,DIRECT_PERCENT,Derived from existing HR performance patterns for demo,EHR / Clinical Audit,Cases meeting clinical protocol and documentation standards divided by cases audited.,Yes,All role bands; measurement scope changes by role band,Monthly,Monthly,Active,2025-09-01,,DERIVED_DEMO,
KPI-MED-003,Patient Safety and Care Timeliness Score,EFFICIENCY,Department-Specific,"Weighted score for safe care, timely service and patient experience.",Medical Care,Percentage,HIGHER_BETTER,75,90,97,DIRECT_PERCENT,Derived from existing HR performance patterns for demo,Patient Safety / EHR,"Weighted score for safe care, timely service and patient experience.",No,All role bands; measurement scope changes by role band,Monthly,Monthly,Active,2025-09-01,,DERIVED_DEMO,
KPI-TRN-001,Training Delivery Target Achievement,OUTPUT,Department-Specific,Completed training sessions or learner capacity divided by assigned plan.,Training & Development,Percentage,HIGHER_BETTER,75,100,112,RATIO_ACHIEVEMENT,Derived from existing HR performance patterns for demo,LMS,Completed training sessions or learner capacity divided by assigned plan.,No,All role bands; measurement scope changes by role band,Monthly,Monthly,Active,2025-09-01,,DERIVED_DEMO,
KPI-TRN-002,Learner Knowledge Improvement,QUALITY,Department-Specific,Average post-assessment improvement over pre-assessment.,Training & Development,Percentage points,HIGHER_BETTER,8,20,30,DIRECT_PERCENT,Derived from existing HR performance patterns for demo,LMS / Assessment,Average post-assessment improvement over pre-assessment.,No,All role bands; measurement scope changes by role band,Monthly,Monthly,Active,2025-09-01,,DERIVED_DEMO,
KPI-TRN-003,Learner Satisfaction and Application Score,EFFICIENCY,Department-Specific,Weighted learner satisfaction and transfer-to-work score.,Training & Development,Percentage,HIGHER_BETTER,75,88,95,DIRECT_PERCENT,Derived from existing HR performance patterns for demo,LMS / Surveys,Weighted learner satisfaction and transfer-to-work score.,No,All role bands; measurement scope changes by role band,Monthly,Monthly,Active,2025-09-01,,DERIVED_DEMO,
KPI-ADM-001,Administration Service Target Achievement,OUTPUT,Department-Specific,Completed administrative and facility requests divided by assigned target.,Administration & Facilities,Percentage,HIGHER_BETTER,75,100,112,RATIO_ACHIEVEMENT,Derived from existing HR performance patterns for demo,Facilities / Admin Helpdesk,Completed administrative and facility requests divided by assigned target.,No,All role bands; measurement scope changes by role band,Monthly,Monthly,Active,2025-09-01,,DERIVED_DEMO,
KPI-ADM-002,Facility and Maintenance Reliability,QUALITY,Department-Specific,Weighted facility availability and preventive-maintenance completion.,Administration & Facilities,Percentage,HIGHER_BETTER,85,95,99,DIRECT_PERCENT,Derived from existing HR performance patterns for demo,Facilities Management,Weighted facility availability and preventive-maintenance completion.,No,All role bands; measurement scope changes by role band,Monthly,Monthly,Active,2025-09-01,,DERIVED_DEMO,
KPI-ADM-003,Administrative Cost Variance,EFFICIENCY,Department-Specific,Absolute percentage variance between actual controllable cost and approved budget.,Administration & Facilities,Percentage,LOWER_BETTER,10,5,1,DIRECT_LOWER,Derived from existing HR performance patterns for demo,ERP / Vendor System,Absolute percentage variance between actual controllable cost and approved budget.,No,All role bands; measurement scope changes by role band,Monthly,Monthly,Active,2025-09-01,,DERIVED_DEMO,
KPI-LGL-001,Contract and Case Milestone Achievement,OUTPUT,Department-Specific,Completed contracts and case milestones divided by assigned target.,Legal & Compliance,Percentage,HIGHER_BETTER,70,100,112,RATIO_ACHIEVEMENT,Derived from existing HR performance patterns for demo,Legal Matter System,Completed contracts and case milestones divided by assigned target.,No,All role bands; measurement scope changes by role band,Monthly,Monthly,Active,2025-09-01,,DERIVED_DEMO,
KPI-LGL-002,Regulatory and Policy Compliance Accuracy,QUALITY,Department-Specific,Accurate and compliant reviews or submissions divided by total checked.,Legal & Compliance,Percentage,HIGHER_BETTER,95,99,100,DIRECT_PERCENT,Derived from existing HR performance patterns for demo,Compliance System,Accurate and compliant reviews or submissions divided by total checked.,Yes,All role bands; measurement scope changes by role band,Monthly,Monthly,Active,2025-09-01,,DERIVED_DEMO,
KPI-LGL-003,Legal Advisory Turnaround Time,EFFICIENCY,Department-Specific,Average working days to complete assigned legal advisories.,Legal & Compliance,Days,LOWER_BETTER,8,4,2,DIRECT_LOWER,Derived from existing HR performance patterns for demo,Legal Matter System,Average working days to complete assigned legal advisories.,No,All role bands; measurement scope changes by role band,Monthly,Monthly,Active,2025-09-01,,DERIVED_DEMO,
KPI-PRC-001,Procurement Cycle Target Achievement,OUTPUT,Department-Specific,Completed procurement cycles divided by assigned monthly target.,Procurement & Supply Chain,Percentage,HIGHER_BETTER,75,100,112,RATIO_ACHIEVEMENT,Derived from existing HR performance patterns for demo,ERP / Procurement,Completed procurement cycles divided by assigned monthly target.,No,All role bands; measurement scope changes by role band,Monthly,Monthly,Active,2025-09-01,,DERIVED_DEMO,
KPI-PRC-002,Verified Procurement Savings,QUALITY,Department-Specific,Verified savings as a percentage of addressable spend.,Procurement & Supply Chain,Percentage of spend,HIGHER_BETTER,1,4,8,DIRECT_PERCENT,Derived from existing HR performance patterns for demo,ERP / Sourcing,Verified savings as a percentage of addressable spend.,No,All role bands; measurement scope changes by role band,Monthly,Monthly,Active,2025-09-01,,DERIVED_DEMO,
KPI-PRC-003,Supplier On-Time and Quality Score,EFFICIENCY,Department-Specific,Weighted on-time delivery and accepted-quality rate.,Procurement & Supply Chain,Percentage,HIGHER_BETTER,75,90,97,DIRECT_PERCENT,Derived from existing HR performance patterns for demo,Supplier Management,Weighted on-time delivery and accepted-quality rate.,No,All role bands; measurement scope changes by role band,Monthly,Monthly,Active,2025-09-01,,DERIVED_DEMO,
KPI-LOG-001,On-Time Dispatch Target Achievement,OUTPUT,Department-Specific,Orders dispatched on time divided by total scheduled orders.,Logistics & Warehouse,Percentage,HIGHER_BETTER,80,95,100,DIRECT_PERCENT,Derived from existing HR performance patterns for demo,WMS / TMS,Orders dispatched on time divided by total scheduled orders.,No,All role bands; measurement scope changes by role band,Monthly,Monthly,Active,2025-09-01,,DERIVED_DEMO,
KPI-LOG-002,Inventory and Order Accuracy,QUALITY,Department-Specific,Correct stock records and orders divided by total checked.,Logistics & Warehouse,Percentage,HIGHER_BETTER,95,99,100,DIRECT_PERCENT,Derived from existing HR performance patterns for demo,WMS / Cycle Counts,Correct stock records and orders divided by total checked.,No,All role bands; measurement scope changes by role band,Monthly,Monthly,Active,2025-09-01,,DERIVED_DEMO,
KPI-LOG-003,Damage and Loss Rate,EFFICIENCY,Department-Specific,Damaged or lost units divided by total units handled.,Logistics & Warehouse,Percentage,LOWER_BETTER,3,1,0.2,DIRECT_LOWER,Derived from existing HR performance patterns for demo,WMS / Claims,Damaged or lost units divided by total units handled.,No,All role bands; measurement scope changes by role band,Monthly,Monthly,Active,2025-09-01,,DERIVED_DEMO,
KPI-PRD-001,Production Target Achievement,OUTPUT,Department-Specific,Good production units completed divided by assigned production target.,Production & Manufacturing,Percentage,HIGHER_BETTER,75,100,112,RATIO_ACHIEVEMENT,Derived from existing HR performance patterns for demo,MES,Good production units completed divided by assigned production target.,No,All role bands; measurement scope changes by role band,Monthly,Monthly,Active,2025-09-01,,DERIVED_DEMO,
KPI-PRD-002,First Pass Yield,QUALITY,Department-Specific,Units passing quality standards without rework divided by total units produced.,Production & Manufacturing,Percentage,HIGHER_BETTER,88,96,99,DIRECT_PERCENT,Derived from existing HR performance patterns for demo,MES / Quality System,Units passing quality standards without rework divided by total units produced.,Yes,All role bands; measurement scope changes by role band,Monthly,Monthly,Active,2025-09-01,,DERIVED_DEMO,
KPI-PRD-003,Unplanned Downtime,EFFICIENCY,Department-Specific,Unplanned downtime hours divided by scheduled machine hours.,Production & Manufacturing,Percentage,LOWER_BETTER,8,4,1,DIRECT_LOWER,Derived from existing HR performance patterns for demo,MES / Maintenance,Unplanned downtime hours divided by scheduled machine hours.,No,All role bands; measurement scope changes by role band,Monthly,Monthly,Active,2025-09-01,,DERIVED_DEMO,
KPI-QAS-001,Test and Inspection Plan Achievement,OUTPUT,Department-Specific,Completed planned tests and inspections divided by assigned plan.,Quality Assurance,Percentage,HIGHER_BETTER,75,100,112,RATIO_ACHIEVEMENT,Derived from existing HR performance patterns for demo,QMS / Test Management,Completed planned tests and inspections divided by assigned plan.,No,All role bands; measurement scope changes by role band,Monthly,Monthly,Active,2025-09-01,,DERIVED_DEMO,
KPI-QAS-002,Escaped Defect Rate,QUALITY,Department-Specific,Defects found after release or acceptance divided by relevant releases or units.,Quality Assurance,Percentage,LOWER_BETTER,5,2,0.5,DIRECT_LOWER,Derived from existing HR performance patterns for demo,QMS / Defect Tracker,Defects found after release or acceptance divided by relevant releases or units.,Yes,All role bands; measurement scope changes by role band,Monthly,Monthly,Active,2025-09-01,,DERIVED_DEMO,
KPI-QAS-003,CAPA and Audit Closure within SLA,EFFICIENCY,Department-Specific,Corrective actions and audit items closed within SLA divided by total due.,Quality Assurance,Percentage,HIGHER_BETTER,75,92,100,DIRECT_PERCENT,Derived from existing HR performance patterns for demo,QMS,Corrective actions and audit items closed within SLA divided by total due.,No,All role bands; measurement scope changes by role band,Monthly,Monthly,Active,2025-09-01,,DERIVED_DEMO,
KPI-RND-001,Research Milestone Target Achievement,OUTPUT,Department-Specific,Completed research milestones and prototypes divided by assigned plan.,Research & Development,Percentage,HIGHER_BETTER,70,100,112,RATIO_ACHIEVEMENT,Derived from existing HR performance patterns for demo,R&D Portfolio System,Completed research milestones and prototypes divided by assigned plan.,No,All role bands; measurement scope changes by role band,Monthly,Monthly,Active,2025-09-01,,DERIVED_DEMO,
KPI-RND-002,Experiment Validation Success,QUALITY,Department-Specific,Experiments meeting validation and reproducibility standards divided by completed experiments.,Research & Development,Percentage,HIGHER_BETTER,60,80,92,DIRECT_PERCENT,Derived from existing HR performance patterns for demo,Lab / Research Records,Experiments meeting validation and reproducibility standards divided by completed experiments.,No,All role bands; measurement scope changes by role band,Monthly,Monthly,Active,2025-09-01,,DERIVED_DEMO,
KPI-RND-003,Innovation and Knowledge Transfer Completion,EFFICIENCY,Department-Specific,Completed approved innovation and knowledge-transfer outputs divided by plan.,Research & Development,Percentage,HIGHER_BETTER,65,85,100,DIRECT_PERCENT,Derived from existing HR performance patterns for demo,R&D Portfolio / Knowledge Base,Completed approved innovation and knowledge-transfer outputs divided by plan.,No,All role bands; measurement scope changes by role band,Monthly,Monthly,Active,2025-09-01,,DERIVED_DEMO,
