Snapshot_Month,Organization_ID,Department_ID,Department_Name,Business_Unit,Approved_Position_Count,Budgeted_Position_Count,Actual_Employee_Count,Actual_Full_Time_Equivalent,Approved_Full_Time_Equivalent,Budgeted_Full_Time_Equivalent,Vacant_Approved_Position_Count,Funded_Vacant_Position_Count,Overstaffed_Employee_Count,Employees_Joining_During_Month,Employees_Leaving_During_Month,Employees_Transferred_In,Employees_Transferred_Out,Employees_Promoted,Monthly_Salary_Cost,Monthly_Benefits_Cost,Approved_Monthly_People_Budget,Budget_Variance_Amount,Budget_Utilization_Percentage,Vacancy_Rate_Percentage,Data_As_Of_Date
2024-09-01,ORGANIZATION-001,DEPARTMENT-001,HR,Corporate Services,44,43,43,41.5,42.9,41.9,1,0,0,2,2,0,0,0,6073511,1214702,7591888,303675,96.0,2.27,2024-09-28
2024-10-01,ORGANIZATION-001,DEPARTMENT-001,HR,Corporate Services,44,43,43,41.6,42.9,41.9,1,0,0,1,1,0,0,1,6073511,1214702,7591888,303675,96.0,2.27,2024-10-28
2024-11-01,ORGANIZATION-001,DEPARTMENT-001,HR,Corporate Services,44,43,42,40.8,42.9,41.9,2,1,0,0,2,1,0,3,5932266,1186453,7591888,473169,93.77,4.55,2024-11-28
2024-12-01,ORGANIZATION-001,DEPARTMENT-001,HR,Corporate Services,44,43,44,42.8,42.9,41.9,0,0,0,3,2,1,0,0,6214755,1242951,7591888,134182,98.23,0.0,2024-12-28
2025-01-01,ORGANIZATION-001,DEPARTMENT-001,HR,Corporate Services,44,43,44,42.9,42.9,41.9,0,0,0,0,1,1,0,3,6711936,1342387,8199240,144917,98.23,0.0,2025-01-28
2025-02-01,ORGANIZATION-001,DEPARTMENT-001,HR,Corporate Services,44,43,44,42.9,42.9,41.9,0,0,0,0,0,0,0,0,6711936,1342387,8199240,144917,98.23,0.0,2025-02-28
2025-03-01,ORGANIZATION-001,DEPARTMENT-001,HR,Corporate Services,44,43,43,41.9,42.9,41.9,1,0,0,1,2,0,0,0,6559392,1311878,8199240,327970,96.0,2.27,2025-03-28
2025-04-01,ORGANIZATION-001,DEPARTMENT-001,HR,Corporate Services,44,43,44,42.8,42.9,41.9,0,0,0,4,3,0,0,2,6711936,1342387,8199240,144917,98.23,0.0,2025-04-28
2025-05-01,ORGANIZATION-001,DEPARTMENT-001,HR,Corporate Services,44,43,43,41.7,42.9,41.9,1,0,0,1,2,1,1,2,6559392,1311878,8199240,327970,96.0,2.27,2025-05-28
2025-06-01,ORGANIZATION-001,DEPARTMENT-001,HR,Corporate Services,44,43,44,42.5,42.9,41.9,0,0,0,4,3,1,1,1,6711936,1342387,8199240,144917,98.23,0.0,2025-06-28
2025-07-01,ORGANIZATION-001,DEPARTMENT-001,HR,Corporate Services,44,43,45,43.3,42.9,41.9,0,0,1,2,3,2,0,3,6864480,1372896,8199240,-38136,100.47,0.0,2025-07-28
2025-08-01,ORGANIZATION-001,DEPARTMENT-001,HR,Corporate Services,44,43,44,42.2,42.9,41.9,0,0,0,1,0,0,2,1,6711936,1342387,8199240,144917,98.23,0.0,2025-08-28
2025-09-01,ORGANIZATION-001,DEPARTMENT-001,HR,Corporate Services,44,43,43,41.2,42.9,41.9,1,0,0,0,2,1,0,0,6559392,1311878,8199240,327970,96.0,2.27,2025-09-28
2025-10-01,ORGANIZATION-001,DEPARTMENT-001,HR,Corporate Services,44,43,44,42.1,42.9,41.9,0,0,0,1,0,0,0,2,6711936,1342387,8199240,144917,98.23,0.0,2025-10-28
2025-11-01,ORGANIZATION-001,DEPARTMENT-001,HR,Corporate Services,44,43,44,42.0,42.9,41.9,0,0,0,0,0,0,0,1,6711936,1342387,8199240,144917,98.23,0.0,2025-11-28
2025-12-01,ORGANIZATION-001,DEPARTMENT-001,HR,Corporate Services,44,43,44,42.0,42.9,41.9,0,0,0,2,2,1,1,3,6711936,1342387,8199240,144917,98.23,0.0,2025-12-28
2026-01-01,ORGANIZATION-001,DEPARTMENT-001,HR,Corporate Services,44,44,44,42.1,42.9,42.9,0,0,0,2,2,0,0,3,7209116,1441823,9011395,360456,96.0,0.0,2026-01-28
2026-02-01,ORGANIZATION-001,DEPARTMENT-001,HR,Corporate Services,44,44,44,42.2,42.9,42.9,0,0,0,1,1,0,0,2,7209116,1441823,9011395,360456,96.0,0.0,2026-02-28
2026-03-01,ORGANIZATION-001,DEPARTMENT-001,HR,Corporate Services,44,44,45,43.3,42.9,42.9,0,0,1,1,1,1,0,1,7372959,1474591,9011395,163845,98.18,0.0,2026-03-28
2026-04-01,ORGANIZATION-001,DEPARTMENT-001,HR,Corporate Services,44,44,46,44.4,42.9,42.9,0,0,2,3,1,0,1,2,7536803,1507360,9011395,-32768,100.36,0.0,2026-04-28
2026-05-01,ORGANIZATION-001,DEPARTMENT-001,HR,Corporate Services,44,44,46,44.6,42.9,42.9,0,0,2,0,1,2,1,3,7536803,1507360,9011395,-32768,100.36,0.0,2026-05-28
2026-06-01,ORGANIZATION-001,DEPARTMENT-001,HR,Corporate Services,44,44,45,43.7,42.9,42.9,0,0,1,2,3,0,0,3,7372959,1474591,9011395,163845,98.18,0.0,2026-06-28
2026-07-01,ORGANIZATION-001,DEPARTMENT-001,HR,Corporate Services,44,44,45,43.8,42.9,42.9,0,0,1,1,1,0,0,3,7372959,1474591,9011395,163845,98.18,0.0,2026-07-28
2026-08-01,ORGANIZATION-001,DEPARTMENT-001,HR,Corporate Services,44,44,45,43.9,42.9,42.9,0,0,1,1,2,1,0,3,7372959,1474591,9011395,163845,98.18,0.0,2026-08-01
2024-09-01,ORGANIZATION-001,DEPARTMENT-002,Finance,Corporate Services,46,46,43,41.5,44.9,44.9,3,3,0,1,0,0,1,0,6957400,1391480,9303500,954620,89.74,6.52,2024-09-28
2024-10-01,ORGANIZATION-001,DEPARTMENT-002,Finance,Corporate Services,46,46,41,39.7,44.9,44.9,5,5,0,0,2,0,0,3,6633800,1326760,9303500,1342940,85.57,10.87,2024-10-28
2024-11-01,ORGANIZATION-001,DEPARTMENT-002,Finance,Corporate Services,46,46,42,40.8,44.9,44.9,4,4,0,5,2,0,2,3,6795600,1359120,9303500,1148780,87.65,8.7,2024-11-28
2024-12-01,ORGANIZATION-001,DEPARTMENT-002,Finance,Corporate Services,46,46,42,40.9,44.9,44.9,4,4,0,4,3,0,1,1,6795600,1359120,9303500,1148780,87.65,8.7,2024-12-28
2025-01-01,ORGANIZATION-001,DEPARTMENT-002,Finance,Corporate Services,47,46,43,41.9,45.8,44.9,4,3,0,4,2,0,1,1,7513992,1502798,10047780,1030990,89.74,8.51,2025-01-28
2025-02-01,ORGANIZATION-001,DEPARTMENT-002,Finance,Corporate Services,47,46,43,41.9,45.8,44.9,4,3,0,2,2,0,0,3,7513992,1502798,10047780,1030990,89.74,8.51,2025-02-28
2025-03-01,ORGANIZATION-001,DEPARTMENT-002,Finance,Corporate Services,47,46,43,41.9,45.8,44.9,4,3,0,2,3,1,0,1,7513992,1502798,10047780,1030990,89.74,8.51,2025-03-28
2025-04-01,ORGANIZATION-001,DEPARTMENT-002,Finance,Corporate Services,47,46,43,41.8,45.8,44.9,4,3,0,4,3,0,1,1,7513992,1502798,10047780,1030990,89.74,8.51,2025-04-28
2025-05-01,ORGANIZATION-001,DEPARTMENT-002,Finance,Corporate Services,47,46,43,41.7,45.8,44.9,4,3,0,4,3,0,1,2,7513992,1502798,10047780,1030990,89.74,8.51,2025-05-28
2025-06-01,ORGANIZATION-001,DEPARTMENT-002,Finance,Corporate Services,47,46,44,42.5,45.8,44.9,3,2,0,4,3,1,1,0,7688736,1537747,10047780,821297,91.83,6.38,2025-06-28
2025-07-01,ORGANIZATION-001,DEPARTMENT-002,Finance,Corporate Services,47,46,43,41.4,45.8,44.9,4,3,0,0,1,0,0,1,7513992,1502798,10047780,1030990,89.74,8.51,2025-07-28
2025-08-01,ORGANIZATION-001,DEPARTMENT-002,Finance,Corporate Services,47,46,42,40.3,45.8,44.9,5,4,0,0,1,0,0,2,7339248,1467849,10047780,1240683,87.65,10.64,2025-08-28
2025-09-01,ORGANIZATION-001,DEPARTMENT-002,Finance,Corporate Services,47,46,44,42.1,45.8,44.9,3,2,0,5,3,0,0,0,7688736,1537747,10047780,821297,91.83,6.38,2025-09-28
2025-10-01,ORGANIZATION-001,DEPARTMENT-002,Finance,Corporate Services,47,46,44,42.1,45.8,44.9,3,2,0,1,3,2,0,1,7688736,1537747,10047780,821297,91.83,6.38,2025-10-28
2025-11-01,ORGANIZATION-001,DEPARTMENT-002,Finance,Corporate Services,47,46,44,42.0,45.8,44.9,3,2,0,0,0,0,0,2,7688736,1537747,10047780,821297,91.83,6.38,2025-11-28
2025-12-01,ORGANIZATION-001,DEPARTMENT-002,Finance,Corporate Services,47,46,45,43.0,45.8,44.9,2,1,0,1,1,2,1,1,7863480,1572696,10047780,611604,93.91,4.26,2025-12-28
2026-01-01,ORGANIZATION-001,DEPARTMENT-002,Finance,Corporate Services,48,47,45,43.1,46.8,45.8,3,2,0,0,1,1,0,2,8445960,1689192,11026670,891518,91.91,6.25,2026-01-28
2026-02-01,ORGANIZATION-001,DEPARTMENT-002,Finance,Corporate Services,48,47,44,42.2,46.8,45.8,4,3,0,0,2,1,0,3,8258271,1651654,11026670,1116745,89.87,8.33,2026-02-28
2026-03-01,ORGANIZATION-001,DEPARTMENT-002,Finance,Corporate Services,48,47,45,43.3,46.8,45.8,3,2,0,3,2,0,0,1,8445960,1689192,11026670,891518,91.91,6.25,2026-03-28
2026-04-01,ORGANIZATION-001,DEPARTMENT-002,Finance,Corporate Services,48,47,45,43.4,46.8,45.8,3,2,0,1,1,0,0,0,8445960,1689192,11026670,891518,91.91,6.25,2026-04-28
2026-05-01,ORGANIZATION-001,DEPARTMENT-002,Finance,Corporate Services,48,47,45,43.6,46.8,45.8,3,2,0,3,3,0,0,1,8445960,1689192,11026670,891518,91.91,6.25,2026-05-28
2026-06-01,ORGANIZATION-001,DEPARTMENT-002,Finance,Corporate Services,48,47,45,43.7,46.8,45.8,3,2,0,1,1,0,0,1,8445960,1689192,11026670,891518,91.91,6.25,2026-06-28
2026-07-01,ORGANIZATION-001,DEPARTMENT-002,Finance,Corporate Services,48,47,46,44.8,46.8,45.8,2,1,0,4,2,0,1,2,8633648,1726729,11026670,666293,93.96,4.17,2026-07-28
2026-08-01,ORGANIZATION-001,DEPARTMENT-002,Finance,Corporate Services,48,47,45,43.9,46.8,45.8,3,2,0,3,3,0,1,0,8445960,1689192,11026670,891518,91.91,6.25,2026-08-01
2024-09-01,ORGANIZATION-001,DEPARTMENT-003,Sales,Commercial Services,50,49,39,37.6,48.8,47.8,11,10,0,3,2,0,1,0,4853333,970666,7622222,1798223,76.41,22.0,2024-09-28
2024-10-01,ORGANIZATION-001,DEPARTMENT-003,Sales,Commercial Services,50,49,40,38.7,48.8,47.8,10,9,0,0,1,2,0,0,4977777,995555,7622222,1648890,78.37,20.0,2024-10-28
2024-11-01,ORGANIZATION-001,DEPARTMENT-003,Sales,Commercial Services,50,49,42,40.8,48.8,47.8,8,7,0,3,0,0,1,1,5226666,1045333,7622222,1350223,82.29,16.0,2024-11-28
2024-12-01,ORGANIZATION-001,DEPARTMENT-003,Sales,Commercial Services,50,49,43,41.9,48.8,47.8,7,6,0,2,0,1,2,2,5351111,1070222,7622222,1200889,84.24,14.0,2024-12-28
2025-01-01,ORGANIZATION-001,DEPARTMENT-003,Sales,Commercial Services,51,49,40,39.0,49.7,47.8,11,9,0,0,5,2,0,1,5376000,1075200,8232000,1780800,78.37,21.57,2025-01-28
2025-02-01,ORGANIZATION-001,DEPARTMENT-003,Sales,Commercial Services,51,49,40,39.0,49.7,47.8,11,9,0,2,2,0,0,2,5376000,1075200,8232000,1780800,78.37,21.57,2025-02-28
2025-03-01,ORGANIZATION-001,DEPARTMENT-003,Sales,Commercial Services,51,49,40,39.0,49.7,47.8,11,9,0,0,1,2,1,1,5376000,1075200,8232000,1780800,78.37,21.57,2025-03-28
2025-04-01,ORGANIZATION-001,DEPARTMENT-003,Sales,Commercial Services,51,49,41,39.9,49.7,47.8,10,8,0,1,0,0,0,0,5510400,1102080,8232000,1619520,80.33,19.61,2025-04-28
2025-05-01,ORGANIZATION-001,DEPARTMENT-003,Sales,Commercial Services,51,49,42,40.7,49.7,47.8,9,7,0,3,2,0,0,2,5644800,1128960,8232000,1458240,82.29,17.65,2025-05-28
2025-06-01,ORGANIZATION-001,DEPARTMENT-003,Sales,Commercial Services,51,49,42,40.6,49.7,47.8,9,7,0,0,1,2,1,1,5644800,1128960,8232000,1458240,82.29,17.65,2025-06-28
2025-07-01,ORGANIZATION-001,DEPARTMENT-003,Sales,Commercial Services,51,49,42,40.4,49.7,47.8,9,7,0,3,3,0,0,3,5644800,1128960,8232000,1458240,82.29,17.65,2025-07-28
2025-08-01,ORGANIZATION-001,DEPARTMENT-003,Sales,Commercial Services,51,49,42,40.3,49.7,47.8,9,7,0,4,3,0,1,0,5644800,1128960,8232000,1458240,82.29,17.65,2025-08-28
2025-09-01,ORGANIZATION-001,DEPARTMENT-003,Sales,Commercial Services,51,49,42,40.2,49.7,47.8,9,7,0,0,1,1,0,3,5644800,1128960,8232000,1458240,82.29,17.65,2025-09-28
2025-10-01,ORGANIZATION-001,DEPARTMENT-003,Sales,Commercial Services,51,49,43,41.1,49.7,47.8,8,6,0,2,1,0,0,3,5779200,1155840,8232000,1296960,84.24,15.69,2025-10-28
2025-11-01,ORGANIZATION-001,DEPARTMENT-003,Sales,Commercial Services,51,49,44,42.0,49.7,47.8,7,5,0,3,2,1,1,1,5913600,1182720,8232000,1135680,86.2,13.73,2025-11-28
2025-12-01,ORGANIZATION-001,DEPARTMENT-003,Sales,Commercial Services,51,49,45,43.0,49.7,47.8,6,4,0,2,1,0,0,2,6048000,1209600,8232000,974400,88.16,11.76,2025-12-28
2026-01-01,ORGANIZATION-001,DEPARTMENT-003,Sales,Commercial Services,52,50,42,40.2,50.7,48.8,10,8,0,0,2,0,1,3,6062933,1212586,9022222,1746703,80.64,19.23,2026-01-28
2026-02-01,ORGANIZATION-001,DEPARTMENT-003,Sales,Commercial Services,52,50,42,40.3,50.7,48.8,10,8,0,0,1,2,1,1,6062933,1212586,9022222,1746703,80.64,19.23,2026-02-28
2026-03-01,ORGANIZATION-001,DEPARTMENT-003,Sales,Commercial Services,52,50,43,41.4,50.7,48.8,9,7,0,0,0,1,0,0,6207288,1241457,9022222,1573477,82.56,17.31,2026-03-28
2026-04-01,ORGANIZATION-001,DEPARTMENT-003,Sales,Commercial Services,52,50,45,43.4,50.7,48.8,7,5,0,2,0,0,0,2,6496000,1299200,9022222,1227022,86.4,13.46,2026-04-28
2026-05-01,ORGANIZATION-001,DEPARTMENT-003,Sales,Commercial Services,52,50,44,42.6,50.7,48.8,8,6,0,0,1,0,0,2,6351644,1270328,9022222,1400250,84.48,15.38,2026-05-28
2026-06-01,ORGANIZATION-001,DEPARTMENT-003,Sales,Commercial Services,52,50,45,43.7,50.7,48.8,7,5,0,1,0,0,0,3,6496000,1299200,9022222,1227022,86.4,13.46,2026-06-28
2026-07-01,ORGANIZATION-001,DEPARTMENT-003,Sales,Commercial Services,52,50,44,42.8,50.7,48.8,8,6,0,0,1,0,0,3,6351644,1270328,9022222,1400250,84.48,15.38,2026-07-28
2026-08-01,ORGANIZATION-001,DEPARTMENT-003,Sales,Commercial Services,52,50,45,43.9,50.7,48.8,7,5,0,1,0,1,1,0,6496000,1299200,9022222,1227022,86.4,13.46,2026-08-01
2024-09-01,ORGANIZATION-001,DEPARTMENT-004,Customer Support,Commercial Services,48,48,40,38.6,46.8,46.8,8,8,0,2,1,0,1,0,4053333,810666,6080000,1216001,80.0,16.67,2024-09-28
2024-10-01,ORGANIZATION-001,DEPARTMENT-004,Customer Support,Commercial Services,48,48,41,39.7,46.8,46.8,7,7,0,3,3,2,1,3,4154666,830933,6080000,1094401,82.0,14.58,2024-10-28
2024-11-01,ORGANIZATION-001,DEPARTMENT-004,Customer Support,Commercial Services,48,48,42,40.8,46.8,46.8,6,6,0,0,1,2,0,1,4256000,851200,6080000,972800,84.0,12.5,2024-11-28
2024-12-01,ORGANIZATION-001,DEPARTMENT-004,Customer Support,Commercial Services,48,48,45,43.8,46.8,46.8,3,3,0,2,0,1,0,0,4560000,912000,6080000,608000,90.0,6.25,2024-12-28
2025-01-01,ORGANIZATION-001,DEPARTMENT-004,Customer Support,Commercial Services,49,48,42,40.9,47.8,46.8,7,6,0,0,2,2,3,0,4596480,919296,6566400,1050624,84.0,14.29,2025-01-28
2025-02-01,ORGANIZATION-001,DEPARTMENT-004,Customer Support,Commercial Services,49,48,41,40.0,47.8,46.8,8,7,0,1,1,0,1,1,4487040,897408,6566400,1181952,82.0,16.33,2025-02-28
2025-03-01,ORGANIZATION-001,DEPARTMENT-004,Customer Support,Commercial Services,49,48,40,39.0,47.8,46.8,9,8,0,0,2,1,0,3,4377600,875520,6566400,1313280,80.0,18.37,2025-03-28
2025-04-01,ORGANIZATION-001,DEPARTMENT-004,Customer Support,Commercial Services,49,48,42,40.8,47.8,46.8,7,6,0,5,3,0,0,3,4596480,919296,6566400,1050624,84.0,14.29,2025-04-28
2025-05-01,ORGANIZATION-001,DEPARTMENT-004,Customer Support,Commercial Services,49,48,41,39.8,47.8,46.8,8,7,0,2,3,0,0,2,4487040,897408,6566400,1181952,82.0,16.33,2025-05-28
2025-06-01,ORGANIZATION-001,DEPARTMENT-004,Customer Support,Commercial Services,49,48,44,42.5,47.8,46.8,5,4,0,5,2,1,1,1,4815360,963072,6566400,787968,88.0,10.2,2025-06-28
2025-07-01,ORGANIZATION-001,DEPARTMENT-004,Customer Support,Commercial Services,49,48,42,40.4,47.8,46.8,7,6,0,0,3,1,0,1,4596480,919296,6566400,1050624,84.0,14.29,2025-07-28
2025-08-01,ORGANIZATION-001,DEPARTMENT-004,Customer Support,Commercial Services,49,48,43,41.3,47.8,46.8,6,5,0,1,1,1,0,1,4705920,941184,6566400,919296,86.0,12.24,2025-08-28
2025-09-01,ORGANIZATION-001,DEPARTMENT-004,Customer Support,Commercial Services,49,48,43,41.2,47.8,46.8,6,5,0,1,0,0,1,1,4705920,941184,6566400,919296,86.0,12.24,2025-09-28
2025-10-01,ORGANIZATION-001,DEPARTMENT-004,Customer Support,Commercial Services,49,48,44,42.1,47.8,46.8,5,4,0,1,0,0,0,0,4815360,963072,6566400,787968,88.0,10.2,2025-10-28
2025-11-01,ORGANIZATION-001,DEPARTMENT-004,Customer Support,Commercial Services,49,48,44,42.0,47.8,46.8,5,4,0,2,2,0,0,0,4815360,963072,6566400,787968,88.0,10.2,2025-11-28
2025-12-01,ORGANIZATION-001,DEPARTMENT-004,Customer Support,Commercial Services,49,48,46,43.9,47.8,46.8,3,2,0,3,0,0,1,0,5034240,1006848,6566400,525312,92.0,6.12,2025-12-28
2026-01-01,ORGANIZATION-001,DEPARTMENT-004,Customer Support,Commercial Services,50,49,44,42.1,48.8,47.8,6,5,0,1,3,1,1,3,5172053,1034410,7199733,993270,86.2,12.0,2026-01-28
2026-02-01,ORGANIZATION-001,DEPARTMENT-004,Customer Support,Commercial Services,50,49,44,42.2,48.8,47.8,6,5,0,6,3,0,3,0,5172053,1034410,7199733,993270,86.2,12.0,2026-02-28
2026-03-01,ORGANIZATION-001,DEPARTMENT-004,Customer Support,Commercial Services,50,49,42,40.4,48.8,47.8,8,7,0,0,2,0,0,3,4936960,987392,7199733,1275381,82.29,16.0,2026-03-28
2026-04-01,ORGANIZATION-001,DEPARTMENT-004,Customer Support,Commercial Services,50,49,44,42.5,48.8,47.8,6,5,0,4,1,0,1,3,5172053,1034410,7199733,993270,86.2,12.0,2026-04-28
2026-05-01,ORGANIZATION-001,DEPARTMENT-004,Customer Support,Commercial Services,50,49,44,42.6,48.8,47.8,6,5,0,3,3,0,0,3,5172053,1034410,7199733,993270,86.2,12.0,2026-05-28
2026-06-01,ORGANIZATION-001,DEPARTMENT-004,Customer Support,Commercial Services,50,49,45,43.7,48.8,47.8,5,4,0,1,0,0,0,3,5289600,1057920,7199733,852213,88.16,10.0,2026-06-28
2026-07-01,ORGANIZATION-001,DEPARTMENT-004,Customer Support,Commercial Services,50,49,45,43.8,48.8,47.8,5,4,0,1,1,0,0,1,5289600,1057920,7199733,852213,88.16,10.0,2026-07-28
2026-08-01,ORGANIZATION-001,DEPARTMENT-004,Customer Support,Commercial Services,50,49,45,43.9,48.8,47.8,5,4,0,1,1,0,0,0,5289600,1057920,7199733,852213,88.16,10.0,2026-08-01
2024-09-01,ORGANIZATION-001,DEPARTMENT-005,Engineering,Technology and Innovation,50,49,38,36.7,48.8,47.8,12,11,0,2,2,0,0,0,6003155,1200631,9676138,2472352,74.45,24.0,2024-09-28
2024-10-01,ORGANIZATION-001,DEPARTMENT-005,Engineering,Technology and Innovation,50,49,36,34.9,48.8,47.8,14,13,0,0,2,0,0,0,5687200,1137440,9676138,2851498,70.53,28.0,2024-10-28
2024-11-01,ORGANIZATION-001,DEPARTMENT-005,Engineering,Technology and Innovation,50,49,38,36.9,48.8,47.8,12,11,0,3,2,1,0,3,6003155,1200631,9676138,2472352,74.45,24.0,2024-11-28
2024-12-01,ORGANIZATION-001,DEPARTMENT-005,Engineering,Technology and Innovation,50,49,38,37.0,48.8,47.8,12,11,0,0,0,0,0,2,6003155,1200631,9676138,2472352,74.45,24.0,2024-12-28
2025-01-01,ORGANIZATION-001,DEPARTMENT-005,Engineering,Technology and Innovation,52,50,38,37.0,50.7,48.8,14,12,0,0,1,1,0,2,6483408,1296681,10663500,2883411,72.96,26.92,2025-01-28
2025-02-01,ORGANIZATION-001,DEPARTMENT-005,Engineering,Technology and Innovation,52,50,39,38.0,50.7,48.8,13,11,0,3,1,0,1,2,6654024,1330804,10663500,2678672,74.88,25.0,2025-02-28
2025-03-01,ORGANIZATION-001,DEPARTMENT-005,Engineering,Technology and Innovation,52,50,40,39.0,50.7,48.8,12,10,0,1,0,0,0,3,6824640,1364928,10663500,2473932,76.8,23.08,2025-03-28
2025-04-01,ORGANIZATION-001,DEPARTMENT-005,Engineering,Technology and Innovation,52,50,40,38.9,50.7,48.8,12,10,0,1,1,1,1,3,6824640,1364928,10663500,2473932,76.8,23.08,2025-04-28
2025-05-01,ORGANIZATION-001,DEPARTMENT-005,Engineering,Technology and Innovation,52,50,40,38.8,50.7,48.8,12,10,0,2,2,0,0,2,6824640,1364928,10663500,2473932,76.8,23.08,2025-05-28
2025-06-01,ORGANIZATION-001,DEPARTMENT-005,Engineering,Technology and Innovation,52,50,39,37.7,50.7,48.8,13,11,0,0,1,0,0,1,6654024,1330804,10663500,2678672,74.88,25.0,2025-06-28
2025-07-01,ORGANIZATION-001,DEPARTMENT-005,Engineering,Technology and Innovation,52,50,40,38.5,50.7,48.8,12,10,0,0,0,1,0,2,6824640,1364928,10663500,2473932,76.8,23.08,2025-07-28
2025-08-01,ORGANIZATION-001,DEPARTMENT-005,Engineering,Technology and Innovation,52,50,42,40.3,50.7,48.8,10,8,0,5,3,1,1,1,7165872,1433174,10663500,2064454,80.64,19.23,2025-08-28
2025-09-01,ORGANIZATION-001,DEPARTMENT-005,Engineering,Technology and Innovation,52,50,41,39.3,50.7,48.8,11,9,0,2,3,1,1,1,6995256,1399051,10663500,2269193,78.72,21.15,2025-09-28
2025-10-01,ORGANIZATION-001,DEPARTMENT-005,Engineering,Technology and Innovation,52,50,41,39.2,50.7,48.8,11,9,0,2,3,1,0,3,6995256,1399051,10663500,2269193,78.72,21.15,2025-10-28
2025-11-01,ORGANIZATION-001,DEPARTMENT-005,Engineering,Technology and Innovation,52,50,43,41.1,50.7,48.8,9,7,0,2,1,1,0,2,7336488,1467297,10663500,1859715,82.56,17.31,2025-11-28
2025-12-01,ORGANIZATION-001,DEPARTMENT-005,Engineering,Technology and Innovation,52,50,42,40.1,50.7,48.8,10,8,0,0,2,1,0,3,7165872,1433174,10663500,2064454,80.64,19.23,2025-12-28
2026-01-01,ORGANIZATION-001,DEPARTMENT-005,Engineering,Technology and Innovation,54,51,44,42.1,52.6,49.7,10,7,0,2,0,0,0,1,8063185,1612637,11682456,2006634,82.82,18.52,2026-01-28
2026-02-01,ORGANIZATION-001,DEPARTMENT-005,Engineering,Technology and Innovation,54,51,43,41.2,52.6,49.7,11,8,0,0,1,0,0,2,7879931,1575986,11682456,2226539,80.94,20.37,2026-02-28
2026-03-01,ORGANIZATION-001,DEPARTMENT-005,Engineering,Technology and Innovation,54,51,44,42.3,52.6,49.7,10,7,0,2,1,0,0,1,8063185,1612637,11682456,2006634,82.82,18.52,2026-03-28
2026-04-01,ORGANIZATION-001,DEPARTMENT-005,Engineering,Technology and Innovation,54,51,43,41.5,52.6,49.7,11,8,0,2,3,0,0,3,7879931,1575986,11682456,2226539,80.94,20.37,2026-04-28
2026-05-01,ORGANIZATION-001,DEPARTMENT-005,Engineering,Technology and Innovation,54,51,44,42.6,52.6,49.7,10,7,0,1,0,1,1,2,8063185,1612637,11682456,2006634,82.82,18.52,2026-05-28
2026-06-01,ORGANIZATION-001,DEPARTMENT-005,Engineering,Technology and Innovation,54,51,44,42.7,52.6,49.7,10,7,0,3,3,0,0,3,8063185,1612637,11682456,2006634,82.82,18.52,2026-06-28
2026-07-01,ORGANIZATION-001,DEPARTMENT-005,Engineering,Technology and Innovation,54,51,45,43.8,52.6,49.7,9,6,0,2,2,1,0,3,8246439,1649287,11682456,1786730,84.71,16.67,2026-07-28
2026-08-01,ORGANIZATION-001,DEPARTMENT-005,Engineering,Technology and Innovation,54,51,45,43.9,52.6,49.7,9,6,0,2,3,1,0,0,8246439,1649287,11682456,1786730,84.71,16.67,2026-08-01
2024-09-01,ORGANIZATION-001,DEPARTMENT-006,Operations,Enterprise Operations,48,47,38,36.7,46.8,45.8,10,9,0,0,2,2,0,0,4446000,889200,6873750,1538550,77.62,20.83,2024-09-28
2024-10-01,ORGANIZATION-001,DEPARTMENT-006,Operations,Enterprise Operations,48,47,39,37.8,46.8,45.8,9,8,0,1,0,0,0,3,4563000,912600,6873750,1398150,79.66,18.75,2024-10-28
2024-11-01,ORGANIZATION-001,DEPARTMENT-006,Operations,Enterprise Operations,48,47,40,38.8,46.8,45.8,8,7,0,3,1,1,2,2,4680000,936000,6873750,1257750,81.7,16.67,2024-11-28
2024-12-01,ORGANIZATION-001,DEPARTMENT-006,Operations,Enterprise Operations,48,47,40,38.9,46.8,45.8,8,7,0,1,1,0,0,0,4680000,936000,6873750,1257750,81.7,16.67,2024-12-28
2025-01-01,ORGANIZATION-001,DEPARTMENT-006,Operations,Enterprise Operations,49,48,40,39.0,47.8,46.8,9,8,0,3,2,0,1,2,5054400,1010880,7581600,1516320,80.0,18.37,2025-01-28
2025-02-01,ORGANIZATION-001,DEPARTMENT-006,Operations,Enterprise Operations,49,48,41,40.0,47.8,46.8,8,7,0,0,0,1,0,0,5180760,1036152,7581600,1364688,82.0,16.33,2025-02-28
2025-03-01,ORGANIZATION-001,DEPARTMENT-006,Operations,Enterprise Operations,49,48,40,39.0,47.8,46.8,9,8,0,0,0,0,1,3,5054400,1010880,7581600,1516320,80.0,18.37,2025-03-28
2025-04-01,ORGANIZATION-001,DEPARTMENT-006,Operations,Enterprise Operations,49,48,42,40.8,47.8,46.8,7,6,0,3,1,0,0,0,5307120,1061424,7581600,1213056,84.0,14.29,2025-04-28
2025-05-01,ORGANIZATION-001,DEPARTMENT-006,Operations,Enterprise Operations,49,48,41,39.8,47.8,46.8,8,7,0,0,1,0,0,3,5180760,1036152,7581600,1364688,82.0,16.33,2025-05-28
2025-06-01,ORGANIZATION-001,DEPARTMENT-006,Operations,Enterprise Operations,49,48,40,38.7,47.8,46.8,9,8,0,1,1,0,1,0,5054400,1010880,7581600,1516320,80.0,18.37,2025-06-28
2025-07-01,ORGANIZATION-001,DEPARTMENT-006,Operations,Enterprise Operations,49,48,42,40.4,47.8,46.8,7,6,0,3,1,0,0,3,5307120,1061424,7581600,1213056,84.0,14.29,2025-07-28
2025-08-01,ORGANIZATION-001,DEPARTMENT-006,Operations,Enterprise Operations,49,48,42,40.3,47.8,46.8,7,6,0,0,2,2,0,3,5307120,1061424,7581600,1213056,84.0,14.29,2025-08-28
2025-09-01,ORGANIZATION-001,DEPARTMENT-006,Operations,Enterprise Operations,49,48,42,40.2,47.8,46.8,7,6,0,3,3,0,0,0,5307120,1061424,7581600,1213056,84.0,14.29,2025-09-28
2025-10-01,ORGANIZATION-001,DEPARTMENT-006,Operations,Enterprise Operations,49,48,43,41.1,47.8,46.8,6,5,0,1,1,2,1,2,5433480,1086696,7581600,1061424,86.0,12.24,2025-10-28
2025-11-01,ORGANIZATION-001,DEPARTMENT-006,Operations,Enterprise Operations,49,48,43,41.1,47.8,46.8,6,5,0,0,0,0,0,1,5433480,1086696,7581600,1061424,86.0,12.24,2025-11-28
2025-12-01,ORGANIZATION-001,DEPARTMENT-006,Operations,Enterprise Operations,49,48,43,41.1,47.8,46.8,6,5,0,3,3,1,1,1,5433480,1086696,7581600,1061424,86.0,12.24,2025-12-28
2026-01-01,ORGANIZATION-001,DEPARTMENT-006,Operations,Enterprise Operations,51,49,44,42.1,49.7,47.8,7,5,0,4,3,0,0,1,5971680,1194336,8312850,1146834,86.2,13.73,2026-01-28
2026-02-01,ORGANIZATION-001,DEPARTMENT-006,Operations,Enterprise Operations,51,49,43,41.2,49.7,47.8,8,6,0,0,1,0,0,0,5835960,1167192,8312850,1309698,84.24,15.69,2026-02-28
2026-03-01,ORGANIZATION-001,DEPARTMENT-006,Operations,Enterprise Operations,51,49,44,42.3,49.7,47.8,7,5,0,4,3,0,0,1,5971680,1194336,8312850,1146834,86.2,13.73,2026-03-28
2026-04-01,ORGANIZATION-001,DEPARTMENT-006,Operations,Enterprise Operations,51,49,44,42.5,49.7,47.8,7,5,0,0,0,0,0,0,5971680,1194336,8312850,1146834,86.2,13.73,2026-04-28
2026-05-01,ORGANIZATION-001,DEPARTMENT-006,Operations,Enterprise Operations,51,49,44,42.6,49.7,47.8,7,5,0,2,1,0,1,3,5971680,1194336,8312850,1146834,86.2,13.73,2026-05-28
2026-06-01,ORGANIZATION-001,DEPARTMENT-006,Operations,Enterprise Operations,51,49,45,43.7,49.7,47.8,6,4,0,2,0,0,1,2,6107400,1221480,8312850,983970,88.16,11.76,2026-06-28
2026-07-01,ORGANIZATION-001,DEPARTMENT-006,Operations,Enterprise Operations,51,49,45,43.8,49.7,47.8,6,4,0,5,3,0,2,2,6107400,1221480,8312850,983970,88.16,11.76,2026-07-28
2026-08-01,ORGANIZATION-001,DEPARTMENT-006,Operations,Enterprise Operations,51,49,45,43.9,49.7,47.8,6,4,0,0,0,0,0,3,6107400,1221480,8312850,983970,88.16,11.76,2026-08-01
2024-09-01,ORGANIZATION-001,DEPARTMENT-007,IT,Technology and Innovation,47,47,40,38.6,45.8,45.8,7,7,0,3,3,1,1,0,6627555,1325511,9734222,1781156,81.7,14.89,2024-09-28
2024-10-01,ORGANIZATION-001,DEPARTMENT-007,IT,Technology and Innovation,47,47,40,38.7,45.8,45.8,7,7,0,1,0,0,1,0,6627555,1325511,9734222,1781156,81.7,14.89,2024-10-28
2024-11-01,ORGANIZATION-001,DEPARTMENT-007,IT,Technology and Innovation,47,47,40,38.8,45.8,45.8,7,7,0,1,1,0,0,1,6627555,1325511,9734222,1781156,81.7,14.89,2024-11-28
2024-12-01,ORGANIZATION-001,DEPARTMENT-007,IT,Technology and Innovation,47,47,41,39.9,45.8,45.8,6,6,0,3,2,0,0,1,6793244,1358648,9734222,1582330,83.74,12.77,2024-12-28
2025-01-01,ORGANIZATION-001,DEPARTMENT-007,IT,Technology and Innovation,48,47,41,40.0,46.8,45.8,7,6,0,3,2,0,1,3,7336704,1467340,10512960,1708916,83.74,14.58,2025-01-28
2025-02-01,ORGANIZATION-001,DEPARTMENT-007,IT,Technology and Innovation,48,47,41,40.0,46.8,45.8,7,6,0,2,2,1,1,2,7336704,1467340,10512960,1708916,83.74,14.58,2025-02-28
2025-03-01,ORGANIZATION-001,DEPARTMENT-007,IT,Technology and Innovation,48,47,40,39.0,46.8,45.8,8,7,0,2,3,1,1,0,7157760,1431552,10512960,1923648,81.7,16.67,2025-03-28
2025-04-01,ORGANIZATION-001,DEPARTMENT-007,IT,Technology and Innovation,48,47,42,40.8,46.8,45.8,6,5,0,3,1,0,0,1,7515648,1503129,10512960,1494183,85.79,12.5,2025-04-28
2025-05-01,ORGANIZATION-001,DEPARTMENT-007,IT,Technology and Innovation,48,47,42,40.7,46.8,45.8,6,5,0,3,3,0,0,2,7515648,1503129,10512960,1494183,85.79,12.5,2025-05-28
2025-06-01,ORGANIZATION-001,DEPARTMENT-007,IT,Technology and Innovation,48,47,42,40.6,46.8,45.8,6,5,0,1,0,0,1,1,7515648,1503129,10512960,1494183,85.79,12.5,2025-06-28
2025-07-01,ORGANIZATION-001,DEPARTMENT-007,IT,Technology and Innovation,48,47,41,39.5,46.8,45.8,7,6,0,1,2,0,0,3,7336704,1467340,10512960,1708916,83.74,14.58,2025-07-28
2025-08-01,ORGANIZATION-001,DEPARTMENT-007,IT,Technology and Innovation,48,47,42,40.3,46.8,45.8,6,5,0,3,2,0,0,3,7515648,1503129,10512960,1494183,85.79,12.5,2025-08-28
2025-09-01,ORGANIZATION-001,DEPARTMENT-007,IT,Technology and Innovation,48,47,44,42.1,46.8,45.8,4,3,0,2,0,1,1,3,7873535,1574707,10512960,1064718,89.87,8.33,2025-09-28
2025-10-01,ORGANIZATION-001,DEPARTMENT-007,IT,Technology and Innovation,48,47,43,41.1,46.8,45.8,5,4,0,0,1,0,0,1,7694592,1538918,10512960,1279450,87.83,10.42,2025-10-28
2025-11-01,ORGANIZATION-001,DEPARTMENT-007,IT,Technology and Innovation,48,47,43,41.1,46.8,45.8,5,4,0,0,1,1,0,1,7694592,1538918,10512960,1279450,87.83,10.42,2025-11-28
2025-12-01,ORGANIZATION-001,DEPARTMENT-007,IT,Technology and Innovation,48,47,44,42.0,46.8,45.8,4,3,0,0,0,1,0,2,7873535,1574707,10512960,1064718,89.87,8.33,2025-12-28
2026-01-01,ORGANIZATION-001,DEPARTMENT-007,IT,Technology and Innovation,49,48,44,42.1,47.8,46.8,5,4,0,3,3,0,0,2,8456760,1691352,11531946,1383834,88.0,10.2,2026-01-28
2026-02-01,ORGANIZATION-001,DEPARTMENT-007,IT,Technology and Innovation,49,48,45,43.2,47.8,46.8,4,3,0,1,0,1,1,2,8648959,1729791,11531946,1153196,90.0,8.16,2026-02-28
2026-03-01,ORGANIZATION-001,DEPARTMENT-007,IT,Technology and Innovation,49,48,44,42.3,47.8,46.8,5,4,0,0,1,0,0,1,8456760,1691352,11531946,1383834,88.0,10.2,2026-03-28
2026-04-01,ORGANIZATION-001,DEPARTMENT-007,IT,Technology and Innovation,49,48,45,43.4,47.8,46.8,4,3,0,3,1,0,1,3,8648959,1729791,11531946,1153196,90.0,8.16,2026-04-28
2026-05-01,ORGANIZATION-001,DEPARTMENT-007,IT,Technology and Innovation,49,48,44,42.6,47.8,46.8,5,4,0,0,1,0,0,2,8456760,1691352,11531946,1383834,88.0,10.2,2026-05-28
2026-06-01,ORGANIZATION-001,DEPARTMENT-007,IT,Technology and Innovation,49,48,45,43.7,47.8,46.8,4,3,0,3,1,0,1,0,8648959,1729791,11531946,1153196,90.0,8.16,2026-06-28
2026-07-01,ORGANIZATION-001,DEPARTMENT-007,IT,Technology and Innovation,49,48,45,43.8,47.8,46.8,4,3,0,2,3,1,0,1,8648959,1729791,11531946,1153196,90.0,8.16,2026-07-28
2026-08-01,ORGANIZATION-001,DEPARTMENT-007,IT,Technology and Innovation,49,48,45,43.9,47.8,46.8,4,3,0,1,0,0,1,3,8648959,1729791,11531946,1153196,90.0,8.16,2026-08-01
2024-09-01,ORGANIZATION-001,DEPARTMENT-008,Medical Care,Healthcare Services,50,49,36,34.7,48.8,47.8,14,13,0,1,1,0,0,0,6929600,1385920,11789944,3474424,70.53,28.0,2024-09-28
2024-10-01,ORGANIZATION-001,DEPARTMENT-008,Medical Care,Healthcare Services,50,49,36,34.9,48.8,47.8,14,13,0,3,2,0,1,1,6929600,1385920,11789944,3474424,70.53,28.0,2024-10-28
2024-11-01,ORGANIZATION-001,DEPARTMENT-008,Medical Care,Healthcare Services,50,49,35,34.0,48.8,47.8,15,14,0,2,3,0,0,2,6737111,1347422,11789944,3705411,68.57,30.0,2024-11-28
2024-12-01,ORGANIZATION-001,DEPARTMENT-008,Medical Care,Healthcare Services,50,49,38,37.0,48.8,47.8,12,11,0,5,3,1,0,1,7314577,1462915,11789944,3012452,74.45,24.0,2024-12-28
2025-01-01,ORGANIZATION-001,DEPARTMENT-008,Medical Care,Healthcare Services,52,50,40,39.0,50.7,48.8,12,10,0,3,1,0,0,0,8315520,1663104,12993000,3014376,76.8,23.08,2025-01-28
2025-02-01,ORGANIZATION-001,DEPARTMENT-008,Medical Care,Healthcare Services,52,50,39,38.0,50.7,48.8,13,11,0,2,3,0,0,3,8107632,1621526,12993000,3263842,74.88,25.0,2025-02-28
2025-03-01,ORGANIZATION-001,DEPARTMENT-008,Medical Care,Healthcare Services,52,50,38,37.0,50.7,48.8,14,12,0,2,2,0,1,0,7899744,1579948,12993000,3513308,72.96,26.92,2025-03-28
2025-04-01,ORGANIZATION-001,DEPARTMENT-008,Medical Care,Healthcare Services,52,50,38,36.9,50.7,48.8,14,12,0,2,2,0,0,0,7899744,1579948,12993000,3513308,72.96,26.92,2025-04-28
2025-05-01,ORGANIZATION-001,DEPARTMENT-008,Medical Care,Healthcare Services,52,50,39,37.8,50.7,48.8,13,11,0,3,2,0,0,1,8107632,1621526,12993000,3263842,74.88,25.0,2025-05-28
2025-06-01,ORGANIZATION-001,DEPARTMENT-008,Medical Care,Healthcare Services,52,50,39,37.7,50.7,48.8,13,11,0,0,1,1,0,2,8107632,1621526,12993000,3263842,74.88,25.0,2025-06-28
2025-07-01,ORGANIZATION-001,DEPARTMENT-008,Medical Care,Healthcare Services,52,50,39,37.6,50.7,48.8,13,11,0,1,1,0,0,1,8107632,1621526,12993000,3263842,74.88,25.0,2025-07-28
2025-08-01,ORGANIZATION-001,DEPARTMENT-008,Medical Care,Healthcare Services,52,50,39,37.4,50.7,48.8,13,11,0,0,2,2,0,2,8107632,1621526,12993000,3263842,74.88,25.0,2025-08-28
2025-09-01,ORGANIZATION-001,DEPARTMENT-008,Medical Care,Healthcare Services,52,50,39,37.3,50.7,48.8,13,11,0,3,3,0,0,1,8107632,1621526,12993000,3263842,74.88,25.0,2025-09-28
2025-10-01,ORGANIZATION-001,DEPARTMENT-008,Medical Care,Healthcare Services,52,50,41,39.2,50.7,48.8,11,9,0,3,0,0,1,0,8523408,1704681,12993000,2764911,78.72,21.15,2025-10-28
2025-11-01,ORGANIZATION-001,DEPARTMENT-008,Medical Care,Healthcare Services,52,50,40,38.2,50.7,48.8,12,10,0,0,1,0,0,3,8315520,1663104,12993000,3014376,76.8,23.08,2025-11-28
2025-12-01,ORGANIZATION-001,DEPARTMENT-008,Medical Care,Healthcare Services,52,50,43,41.1,50.7,48.8,9,7,0,6,3,0,0,3,8939184,1787836,12993000,2265980,82.56,17.31,2025-12-28
2026-01-01,ORGANIZATION-001,DEPARTMENT-008,Medical Care,Healthcare Services,55,52,43,41.1,53.6,50.7,12,9,0,1,1,1,1,1,9601345,1920269,14513662,2992048,79.38,21.82,2026-01-28
2026-02-01,ORGANIZATION-001,DEPARTMENT-008,Medical Care,Healthcare Services,55,52,43,41.2,53.6,50.7,12,9,0,0,2,2,0,1,9601345,1920269,14513662,2992048,79.38,21.82,2026-02-28
2026-03-01,ORGANIZATION-001,DEPARTMENT-008,Medical Care,Healthcare Services,55,52,43,41.4,53.6,50.7,12,9,0,2,2,0,0,3,9601345,1920269,14513662,2992048,79.38,21.82,2026-03-28
2026-04-01,ORGANIZATION-001,DEPARTMENT-008,Medical Care,Healthcare Services,55,52,42,40.6,53.6,50.7,13,10,0,2,3,0,0,0,9378058,1875611,14513662,3259993,77.54,23.64,2026-04-28
2026-05-01,ORGANIZATION-001,DEPARTMENT-008,Medical Care,Healthcare Services,55,52,44,42.6,53.6,50.7,11,8,0,3,1,0,0,1,9824632,1964926,14513662,2724104,81.23,20.0,2026-05-28
2026-06-01,ORGANIZATION-001,DEPARTMENT-008,Medical Care,Healthcare Services,55,52,44,42.7,53.6,50.7,11,8,0,3,3,1,1,2,9824632,1964926,14513662,2724104,81.23,20.0,2026-06-28
2026-07-01,ORGANIZATION-001,DEPARTMENT-008,Medical Care,Healthcare Services,55,52,46,44.8,53.6,50.7,9,6,0,5,2,0,1,0,10271207,2054241,14513662,2188214,84.92,16.36,2026-07-28
2026-08-01,ORGANIZATION-001,DEPARTMENT-008,Medical Care,Healthcare Services,55,52,45,43.9,53.6,50.7,10,7,0,0,1,1,1,3,10047920,2009584,14513662,2456158,83.08,18.18,2026-08-01
2024-09-01,ORGANIZATION-001,DEPARTMENT-009,Training & Development,Learning Services,45,45,43,41.5,43.9,43.9,2,2,0,1,0,0,1,0,6891466,1378293,9015000,745241,91.73,4.44,2024-09-28
2024-10-01,ORGANIZATION-001,DEPARTMENT-009,Training & Development,Learning Services,45,45,41,39.7,43.9,43.9,4,4,0,1,3,0,0,0,6570933,1314186,9015000,1129881,87.47,8.89,2024-10-28
2024-11-01,ORGANIZATION-001,DEPARTMENT-009,Training & Development,Learning Services,45,45,41,39.8,43.9,43.9,4,4,0,3,3,0,0,1,6570933,1314186,9015000,1129881,87.47,8.89,2024-11-28
2024-12-01,ORGANIZATION-001,DEPARTMENT-009,Training & Development,Learning Services,45,45,42,40.9,43.9,43.9,3,3,0,3,2,1,1,2,6731200,1346240,9015000,937560,89.6,6.67,2024-12-28
2025-01-01,ORGANIZATION-001,DEPARTMENT-009,Training & Development,Learning Services,46,46,43,41.9,44.9,44.9,3,3,0,3,1,0,1,0,7442784,1488556,9952560,1021220,89.74,6.52,2025-01-28
2025-02-01,ORGANIZATION-001,DEPARTMENT-009,Training & Development,Learning Services,46,46,44,42.9,44.9,44.9,2,2,0,3,2,0,0,2,7615872,1523174,9952560,813514,91.83,4.35,2025-02-28
2025-03-01,ORGANIZATION-001,DEPARTMENT-009,Training & Development,Learning Services,46,46,45,43.8,44.9,44.9,1,1,0,4,3,0,0,3,7788960,1557792,9952560,605808,93.91,2.17,2025-03-28
2025-04-01,ORGANIZATION-001,DEPARTMENT-009,Training & Development,Learning Services,46,46,42,40.8,44.9,44.9,4,4,0,0,2,0,1,2,7269696,1453939,9952560,1228925,87.65,8.7,2025-04-28
2025-05-01,ORGANIZATION-001,DEPARTMENT-009,Training & Development,Learning Services,46,46,42,40.7,44.9,44.9,4,4,0,1,1,0,0,3,7269696,1453939,9952560,1228925,87.65,8.7,2025-05-28
2025-06-01,ORGANIZATION-001,DEPARTMENT-009,Training & Development,Learning Services,46,46,43,41.6,44.9,44.9,3,3,0,2,1,0,0,2,7442784,1488556,9952560,1021220,89.74,6.52,2025-06-28
2025-07-01,ORGANIZATION-001,DEPARTMENT-009,Training & Development,Learning Services,46,46,43,41.4,44.9,44.9,3,3,0,0,0,0,0,3,7442784,1488556,9952560,1021220,89.74,6.52,2025-07-28
2025-08-01,ORGANIZATION-001,DEPARTMENT-009,Training & Development,Learning Services,46,46,45,43.2,44.9,44.9,1,1,0,3,3,2,0,2,7788960,1557792,9952560,605808,93.91,2.17,2025-08-28
2025-09-01,ORGANIZATION-001,DEPARTMENT-009,Training & Development,Learning Services,46,46,44,42.1,44.9,44.9,2,2,0,2,3,0,0,0,7615872,1523174,9952560,813514,91.83,4.35,2025-09-28
2025-10-01,ORGANIZATION-001,DEPARTMENT-009,Training & Development,Learning Services,46,46,44,42.1,44.9,44.9,2,2,0,0,0,0,0,2,7615872,1523174,9952560,813514,91.83,4.35,2025-10-28
2025-11-01,ORGANIZATION-001,DEPARTMENT-009,Training & Development,Learning Services,46,46,43,41.1,44.9,44.9,3,3,0,2,3,0,0,2,7442784,1488556,9952560,1021220,89.74,6.52,2025-11-28
2025-12-01,ORGANIZATION-001,DEPARTMENT-009,Training & Development,Learning Services,46,46,44,42.0,44.9,44.9,2,2,0,4,1,0,2,1,7615872,1523174,9952560,813514,91.83,4.35,2025-12-28
2026-01-01,ORGANIZATION-001,DEPARTMENT-009,Training & Development,Learning Services,47,47,44,42.1,45.8,45.8,3,3,0,1,0,0,1,1,8180010,1636002,10922173,1106161,89.87,6.38,2026-01-28
2026-02-01,ORGANIZATION-001,DEPARTMENT-009,Training & Development,Learning Services,47,47,46,44.1,45.8,45.8,1,1,0,5,3,0,0,3,8551829,1710365,10922173,659979,93.96,2.13,2026-02-28
2026-03-01,ORGANIZATION-001,DEPARTMENT-009,Training & Development,Learning Services,47,47,46,44.3,45.8,45.8,1,1,0,0,1,1,0,1,8551829,1710365,10922173,659979,93.96,2.13,2026-03-28
2026-04-01,ORGANIZATION-001,DEPARTMENT-009,Training & Development,Learning Services,47,47,44,42.5,45.8,45.8,3,3,0,0,4,2,0,1,8180010,1636002,10922173,1106161,89.87,6.38,2026-04-28
2026-05-01,ORGANIZATION-001,DEPARTMENT-009,Training & Development,Learning Services,47,47,44,42.6,45.8,45.8,3,3,0,3,2,0,1,1,8180010,1636002,10922173,1106161,89.87,6.38,2026-05-28
2026-06-01,ORGANIZATION-001,DEPARTMENT-009,Training & Development,Learning Services,47,47,44,42.7,45.8,45.8,3,3,0,0,0,0,0,2,8180010,1636002,10922173,1106161,89.87,6.38,2026-06-28
2026-07-01,ORGANIZATION-001,DEPARTMENT-009,Training & Development,Learning Services,47,47,46,44.8,45.8,45.8,1,1,0,1,0,1,0,1,8551829,1710365,10922173,659979,93.96,2.13,2026-07-28
2026-08-01,ORGANIZATION-001,DEPARTMENT-009,Training & Development,Learning Services,47,47,45,43.9,45.8,45.8,2,2,0,0,0,0,1,2,8365919,1673183,10922173,883071,91.91,4.26,2026-08-01
2024-09-01,ORGANIZATION-001,DEPARTMENT-010,Administration & Facilities,Corporate Services,44,44,43,41.5,42.9,42.9,1,1,0,0,2,2,0,0,5901511,1180302,7548444,466631,93.82,2.27,2024-09-28
2024-10-01,ORGANIZATION-001,DEPARTMENT-010,Administration & Facilities,Corporate Services,44,44,42,40.7,42.9,42.9,2,2,0,1,1,0,1,0,5764266,1152853,7548444,631325,91.64,4.55,2024-10-28
2024-11-01,ORGANIZATION-001,DEPARTMENT-010,Administration & Facilities,Corporate Services,44,44,44,42.7,42.9,42.9,0,0,0,2,0,0,0,1,6038755,1207751,7548444,301938,96.0,0.0,2024-11-28
2024-12-01,ORGANIZATION-001,DEPARTMENT-010,Administration & Facilities,Corporate Services,44,44,43,41.9,42.9,42.9,1,1,0,2,2,0,1,1,5901511,1180302,7548444,466631,93.82,2.27,2024-12-28
2025-01-01,ORGANIZATION-001,DEPARTMENT-010,Administration & Facilities,Corporate Services,44,44,44,42.9,42.9,42.9,0,0,0,1,0,0,0,3,6521856,1304371,8152320,326093,96.0,0.0,2025-01-28
2025-02-01,ORGANIZATION-001,DEPARTMENT-010,Administration & Facilities,Corporate Services,44,44,43,41.9,42.9,42.9,1,1,0,1,2,0,0,0,6373632,1274726,8152320,503962,93.82,2.27,2025-02-28
2025-03-01,ORGANIZATION-001,DEPARTMENT-010,Administration & Facilities,Corporate Services,44,44,44,42.9,42.9,42.9,0,0,0,0,1,2,0,2,6521856,1304371,8152320,326093,96.0,0.0,2025-03-28
2025-04-01,ORGANIZATION-001,DEPARTMENT-010,Administration & Facilities,Corporate Services,44,44,45,43.8,42.9,42.9,0,0,1,3,2,0,0,0,6670080,1334016,8152320,148224,98.18,0.0,2025-04-28
2025-05-01,ORGANIZATION-001,DEPARTMENT-010,Administration & Facilities,Corporate Services,44,44,44,42.7,42.9,42.9,0,0,0,1,2,0,0,0,6521856,1304371,8152320,326093,96.0,0.0,2025-05-28
2025-06-01,ORGANIZATION-001,DEPARTMENT-010,Administration & Facilities,Corporate Services,44,44,45,43.5,42.9,42.9,0,0,1,4,2,0,1,0,6670080,1334016,8152320,148224,98.18,0.0,2025-06-28
2025-07-01,ORGANIZATION-001,DEPARTMENT-010,Administration & Facilities,Corporate Services,44,44,43,41.4,42.9,42.9,1,1,0,0,0,0,2,3,6373632,1274726,8152320,503962,93.82,2.27,2025-07-28
2025-08-01,ORGANIZATION-001,DEPARTMENT-010,Administration & Facilities,Corporate Services,44,44,44,42.2,42.9,42.9,0,0,0,4,1,0,2,1,6521856,1304371,8152320,326093,96.0,0.0,2025-08-28
2025-09-01,ORGANIZATION-001,DEPARTMENT-010,Administration & Facilities,Corporate Services,44,44,44,42.1,42.9,42.9,0,0,0,3,3,0,0,3,6521856,1304371,8152320,326093,96.0,0.0,2025-09-28
2025-10-01,ORGANIZATION-001,DEPARTMENT-010,Administration & Facilities,Corporate Services,44,44,44,42.1,42.9,42.9,0,0,0,1,2,1,0,2,6521856,1304371,8152320,326093,96.0,0.0,2025-10-28
2025-11-01,ORGANIZATION-001,DEPARTMENT-010,Administration & Facilities,Corporate Services,44,44,43,41.1,42.9,42.9,1,1,0,3,1,0,3,3,6373632,1274726,8152320,503962,93.82,2.27,2025-11-28
2025-12-01,ORGANIZATION-001,DEPARTMENT-010,Administration & Facilities,Corporate Services,44,44,45,43.0,42.9,42.9,0,0,1,5,3,1,1,3,6670080,1334016,8152320,148224,98.18,0.0,2025-12-28
2026-01-01,ORGANIZATION-001,DEPARTMENT-010,Administration & Facilities,Corporate Services,45,45,44,42.1,43.9,43.9,1,1,0,0,2,2,1,0,7004956,1400991,8955199,549252,93.87,2.22,2026-01-28
2026-02-01,ORGANIZATION-001,DEPARTMENT-010,Administration & Facilities,Corporate Services,45,45,43,41.2,43.9,43.9,2,2,0,0,1,0,0,1,6845752,1369150,8955199,740297,91.73,4.44,2026-02-28
2026-03-01,ORGANIZATION-001,DEPARTMENT-010,Administration & Facilities,Corporate Services,45,45,46,44.3,43.9,43.9,0,0,1,6,3,0,0,1,7323363,1464672,8955199,167164,98.13,0.0,2026-03-28
2026-04-01,ORGANIZATION-001,DEPARTMENT-010,Administration & Facilities,Corporate Services,45,45,45,43.4,43.9,43.9,0,0,0,2,3,0,0,1,7164159,1432831,8955199,358209,96.0,0.0,2026-04-28
2026-05-01,ORGANIZATION-001,DEPARTMENT-010,Administration & Facilities,Corporate Services,45,45,46,44.6,43.9,43.9,0,0,1,1,0,0,0,0,7323363,1464672,8955199,167164,98.13,0.0,2026-05-28
2026-06-01,ORGANIZATION-001,DEPARTMENT-010,Administration & Facilities,Corporate Services,45,45,46,44.7,43.9,43.9,0,0,1,0,2,2,0,2,7323363,1464672,8955199,167164,98.13,0.0,2026-06-28
2026-07-01,ORGANIZATION-001,DEPARTMENT-010,Administration & Facilities,Corporate Services,45,45,46,44.8,43.9,43.9,0,0,1,0,0,0,0,3,7323363,1464672,8955199,167164,98.13,0.0,2026-07-28
2026-08-01,ORGANIZATION-001,DEPARTMENT-010,Administration & Facilities,Corporate Services,45,45,45,43.9,43.9,43.9,0,0,0,1,0,0,2,3,7164159,1432831,8955199,358209,96.0,0.0,2026-08-01
2024-09-01,ORGANIZATION-001,DEPARTMENT-011,Legal & Compliance,Corporate Services,44,43,42,40.5,42.9,41.9,2,1,0,2,2,1,1,0,8834933,1766986,11306611,704692,93.77,4.55,2024-09-28
2024-10-01,ORGANIZATION-001,DEPARTMENT-011,Legal & Compliance,Corporate Services,44,43,43,41.6,42.9,41.9,1,0,0,3,2,0,0,1,9045288,1809057,11306611,452266,96.0,2.27,2024-10-28
2024-11-01,ORGANIZATION-001,DEPARTMENT-011,Legal & Compliance,Corporate Services,44,43,43,41.8,42.9,41.9,1,0,0,2,0,1,3,0,9045288,1809057,11306611,452266,96.0,2.27,2024-11-28
2024-12-01,ORGANIZATION-001,DEPARTMENT-011,Legal & Compliance,Corporate Services,44,43,42,40.9,42.9,41.9,2,1,0,2,3,0,0,2,8834933,1766986,11306611,704692,93.77,4.55,2024-12-28
2025-01-01,ORGANIZATION-001,DEPARTMENT-011,Legal & Compliance,Corporate Services,44,43,43,41.9,42.9,41.9,1,0,0,2,2,1,0,0,9768912,1953782,12211140,488446,96.0,2.27,2025-01-28
2025-02-01,ORGANIZATION-001,DEPARTMENT-011,Legal & Compliance,Corporate Services,44,43,43,41.9,42.9,41.9,1,0,0,2,3,1,0,2,9768912,1953782,12211140,488446,96.0,2.27,2025-02-28
2025-03-01,ORGANIZATION-001,DEPARTMENT-011,Legal & Compliance,Corporate Services,44,43,45,43.8,42.9,41.9,0,0,1,5,3,0,0,3,10223280,2044656,12211140,-56796,100.47,0.0,2025-03-28
2025-04-01,ORGANIZATION-001,DEPARTMENT-011,Legal & Compliance,Corporate Services,44,43,44,42.8,42.9,41.9,0,0,0,0,1,0,0,0,9996096,1999219,12211140,215825,98.23,0.0,2025-04-28
2025-05-01,ORGANIZATION-001,DEPARTMENT-011,Legal & Compliance,Corporate Services,44,43,44,42.7,42.9,41.9,0,0,0,1,1,0,0,3,9996096,1999219,12211140,215825,98.23,0.0,2025-05-28
2025-06-01,ORGANIZATION-001,DEPARTMENT-011,Legal & Compliance,Corporate Services,44,43,44,42.5,42.9,41.9,0,0,0,1,0,0,1,0,9996096,1999219,12211140,215825,98.23,0.0,2025-06-28
2025-07-01,ORGANIZATION-001,DEPARTMENT-011,Legal & Compliance,Corporate Services,44,43,43,41.4,42.9,41.9,1,0,0,0,2,1,0,2,9768912,1953782,12211140,488446,96.0,2.27,2025-07-28
2025-08-01,ORGANIZATION-001,DEPARTMENT-011,Legal & Compliance,Corporate Services,44,43,44,42.2,42.9,41.9,0,0,0,1,0,0,0,2,9996096,1999219,12211140,215825,98.23,0.0,2025-08-28
2025-09-01,ORGANIZATION-001,DEPARTMENT-011,Legal & Compliance,Corporate Services,44,43,43,41.2,42.9,41.9,1,0,0,0,3,2,0,3,9768912,1953782,12211140,488446,96.0,2.27,2025-09-28
2025-10-01,ORGANIZATION-001,DEPARTMENT-011,Legal & Compliance,Corporate Services,44,43,44,42.1,42.9,41.9,0,0,0,4,3,0,0,0,9996096,1999219,12211140,215825,98.23,0.0,2025-10-28
2025-11-01,ORGANIZATION-001,DEPARTMENT-011,Legal & Compliance,Corporate Services,44,43,44,42.0,42.9,41.9,0,0,0,1,0,0,1,3,9996096,1999219,12211140,215825,98.23,0.0,2025-11-28
2025-12-01,ORGANIZATION-001,DEPARTMENT-011,Legal & Compliance,Corporate Services,44,43,44,42.0,42.9,41.9,0,0,0,1,0,0,1,1,9996096,1999219,12211140,215825,98.23,0.0,2025-12-28
2026-01-01,ORGANIZATION-001,DEPARTMENT-011,Legal & Compliance,Corporate Services,43,43,44,42.1,41.9,41.9,0,0,1,4,3,0,1,1,10736547,2147309,13115668,231812,98.23,0.0,2026-01-28
2026-02-01,ORGANIZATION-001,DEPARTMENT-011,Legal & Compliance,Corporate Services,43,43,44,42.2,41.9,41.9,0,0,1,0,2,3,1,2,10736547,2147309,13115668,231812,98.23,0.0,2026-02-28
2026-03-01,ORGANIZATION-001,DEPARTMENT-011,Legal & Compliance,Corporate Services,43,43,46,44.3,41.9,41.9,0,0,3,4,0,0,2,3,11224572,2244914,13115668,-353818,102.7,0.0,2026-03-28
2026-04-01,ORGANIZATION-001,DEPARTMENT-011,Legal & Compliance,Corporate Services,43,43,45,43.4,41.9,41.9,0,0,2,1,2,0,0,3,10980560,2196112,13115668,-61004,100.47,0.0,2026-04-28
2026-05-01,ORGANIZATION-001,DEPARTMENT-011,Legal & Compliance,Corporate Services,43,43,46,44.6,41.9,41.9,0,0,3,1,2,2,0,0,11224572,2244914,13115668,-353818,102.7,0.0,2026-05-28
2026-06-01,ORGANIZATION-001,DEPARTMENT-011,Legal & Compliance,Corporate Services,43,43,44,42.7,41.9,41.9,0,0,1,0,2,0,0,2,10736547,2147309,13115668,231812,98.23,0.0,2026-06-28
2026-07-01,ORGANIZATION-001,DEPARTMENT-011,Legal & Compliance,Corporate Services,43,43,46,44.8,41.9,41.9,0,0,3,4,1,0,1,0,11224572,2244914,13115668,-353818,102.7,0.0,2026-07-28
2026-08-01,ORGANIZATION-001,DEPARTMENT-011,Legal & Compliance,Corporate Services,43,43,45,43.9,41.9,41.9,0,0,2,0,3,2,0,0,10980560,2196112,13115668,-61004,100.47,0.0,2026-08-01
2024-09-01,ORGANIZATION-001,DEPARTMENT-012,Procurement & Supply Chain,Enterprise Operations,46,46,40,38.6,44.9,44.9,6,6,0,3,2,0,1,0,6640000,1328000,9545000,1577000,83.48,13.04,2024-09-28
2024-10-01,ORGANIZATION-001,DEPARTMENT-012,Procurement & Supply Chain,Enterprise Operations,46,46,40,38.7,44.9,44.9,6,6,0,2,3,1,0,3,6640000,1328000,9545000,1577000,83.48,13.04,2024-10-28
2024-11-01,ORGANIZATION-001,DEPARTMENT-012,Procurement & Supply Chain,Enterprise Operations,46,46,41,39.8,44.9,44.9,5,5,0,1,0,0,0,1,6806000,1361200,9545000,1377800,85.57,10.87,2024-11-28
2024-12-01,ORGANIZATION-001,DEPARTMENT-012,Procurement & Supply Chain,Enterprise Operations,46,46,41,39.9,44.9,44.9,5,5,0,2,2,0,0,1,6806000,1361200,9545000,1377800,85.57,10.87,2024-12-28
2025-01-01,ORGANIZATION-001,DEPARTMENT-012,Procurement & Supply Chain,Enterprise Operations,47,46,41,40.0,45.8,44.9,6,5,0,1,0,0,1,1,7350480,1470096,10308600,1488024,85.57,12.77,2025-01-28
2025-02-01,ORGANIZATION-001,DEPARTMENT-012,Procurement & Supply Chain,Enterprise Operations,47,46,42,40.9,45.8,44.9,5,4,0,2,1,0,0,0,7529760,1505952,10308600,1272888,87.65,10.64,2025-02-28
2025-03-01,ORGANIZATION-001,DEPARTMENT-012,Procurement & Supply Chain,Enterprise Operations,47,46,41,39.9,45.8,44.9,6,5,0,1,2,0,0,1,7350480,1470096,10308600,1488024,85.57,12.77,2025-03-28
2025-04-01,ORGANIZATION-001,DEPARTMENT-012,Procurement & Supply Chain,Enterprise Operations,47,46,42,40.8,45.8,44.9,5,4,0,0,0,1,0,2,7529760,1505952,10308600,1272888,87.65,10.64,2025-04-28
2025-05-01,ORGANIZATION-001,DEPARTMENT-012,Procurement & Supply Chain,Enterprise Operations,47,46,43,41.7,45.8,44.9,4,3,0,2,1,1,1,2,7709040,1541808,10308600,1057752,89.74,8.51,2025-05-28
2025-06-01,ORGANIZATION-001,DEPARTMENT-012,Procurement & Supply Chain,Enterprise Operations,47,46,41,39.6,45.8,44.9,6,5,0,0,3,1,0,3,7350480,1470096,10308600,1488024,85.57,12.77,2025-06-28
2025-07-01,ORGANIZATION-001,DEPARTMENT-012,Procurement & Supply Chain,Enterprise Operations,47,46,41,39.5,45.8,44.9,6,5,0,1,0,0,1,0,7350480,1470096,10308600,1488024,85.57,12.77,2025-07-28
2025-08-01,ORGANIZATION-001,DEPARTMENT-012,Procurement & Supply Chain,Enterprise Operations,47,46,42,40.3,45.8,44.9,5,4,0,2,1,0,0,2,7529760,1505952,10308600,1272888,87.65,10.64,2025-08-28
2025-09-01,ORGANIZATION-001,DEPARTMENT-012,Procurement & Supply Chain,Enterprise Operations,47,46,43,41.2,45.8,44.9,4,3,0,3,2,0,0,2,7709040,1541808,10308600,1057752,89.74,8.51,2025-09-28
2025-10-01,ORGANIZATION-001,DEPARTMENT-012,Procurement & Supply Chain,Enterprise Operations,47,46,42,40.1,45.8,44.9,5,4,0,0,1,0,0,3,7529760,1505952,10308600,1272888,87.65,10.64,2025-10-28
2025-11-01,ORGANIZATION-001,DEPARTMENT-012,Procurement & Supply Chain,Enterprise Operations,47,46,43,41.1,45.8,44.9,4,3,0,1,1,1,0,0,7709040,1541808,10308600,1057752,89.74,8.51,2025-11-28
2025-12-01,ORGANIZATION-001,DEPARTMENT-012,Procurement & Supply Chain,Enterprise Operations,47,46,42,40.1,45.8,44.9,5,4,0,1,3,1,0,1,7529760,1505952,10308600,1272888,87.65,10.64,2025-12-28
2026-01-01,ORGANIZATION-001,DEPARTMENT-012,Procurement & Supply Chain,Enterprise Operations,48,47,42,40.2,46.8,45.8,6,5,0,0,0,0,0,1,8087519,1617503,11312900,1607878,85.79,12.5,2026-01-28
2026-02-01,ORGANIZATION-001,DEPARTMENT-012,Procurement & Supply Chain,Enterprise Operations,48,47,44,42.2,46.8,45.8,4,3,0,3,2,1,0,0,8472640,1694528,11312900,1145732,89.87,8.33,2026-02-28
2026-03-01,ORGANIZATION-001,DEPARTMENT-012,Procurement & Supply Chain,Enterprise Operations,48,47,44,42.3,46.8,45.8,4,3,0,1,2,1,0,0,8472640,1694528,11312900,1145732,89.87,8.33,2026-03-28
2026-04-01,ORGANIZATION-001,DEPARTMENT-012,Procurement & Supply Chain,Enterprise Operations,48,47,43,41.5,46.8,45.8,5,4,0,1,3,1,0,3,8280079,1656015,11312900,1376806,87.83,10.42,2026-04-28
2026-05-01,ORGANIZATION-001,DEPARTMENT-012,Procurement & Supply Chain,Enterprise Operations,48,47,44,42.6,46.8,45.8,4,3,0,2,2,2,1,2,8472640,1694528,11312900,1145732,89.87,8.33,2026-05-28
2026-06-01,ORGANIZATION-001,DEPARTMENT-012,Procurement & Supply Chain,Enterprise Operations,48,47,45,43.7,46.8,45.8,3,2,0,3,3,1,0,1,8665200,1733040,11312900,914660,91.91,6.25,2026-06-28
2026-07-01,ORGANIZATION-001,DEPARTMENT-012,Procurement & Supply Chain,Enterprise Operations,48,47,45,43.8,46.8,45.8,3,2,0,3,3,0,0,3,8665200,1733040,11312900,914660,91.91,6.25,2026-07-28
2026-08-01,ORGANIZATION-001,DEPARTMENT-012,Procurement & Supply Chain,Enterprise Operations,48,47,45,43.9,46.8,45.8,3,2,0,0,0,0,0,2,8665200,1733040,11312900,914660,91.91,6.25,2026-08-01
2024-09-01,ORGANIZATION-001,DEPARTMENT-013,Logistics & Warehouse,Enterprise Operations,49,48,38,36.7,47.8,46.8,11,10,0,2,2,0,0,0,5730400,1146080,9048000,2171520,76.0,22.45,2024-09-28
2024-10-01,ORGANIZATION-001,DEPARTMENT-013,Logistics & Warehouse,Enterprise Operations,49,48,37,35.8,47.8,46.8,12,11,0,2,2,0,1,3,5579600,1115920,9048000,2352480,74.0,24.49,2024-10-28
2024-11-01,ORGANIZATION-001,DEPARTMENT-013,Logistics & Warehouse,Enterprise Operations,49,48,40,38.8,47.8,46.8,9,8,0,2,0,1,0,2,6032000,1206400,9048000,1809600,80.0,18.37,2024-11-28
2024-12-01,ORGANIZATION-001,DEPARTMENT-013,Logistics & Warehouse,Enterprise Operations,49,48,41,39.9,47.8,46.8,8,7,0,2,1,1,1,1,6182800,1236560,9048000,1628640,82.0,16.33,2024-12-28
2025-01-01,ORGANIZATION-001,DEPARTMENT-013,Logistics & Warehouse,Enterprise Operations,51,49,39,38.0,49.7,47.8,12,10,0,1,3,1,1,1,6351696,1270339,9975420,2353385,76.41,23.53,2025-01-28
2025-02-01,ORGANIZATION-001,DEPARTMENT-013,Logistics & Warehouse,Enterprise Operations,51,49,38,37.0,49.7,47.8,13,11,0,1,2,0,0,0,6188832,1237766,9975420,2548822,74.45,25.49,2025-02-28
2025-03-01,ORGANIZATION-001,DEPARTMENT-013,Logistics & Warehouse,Enterprise Operations,51,49,37,36.0,49.7,47.8,14,12,0,0,1,0,0,1,6025968,1205193,9975420,2744259,72.49,27.45,2025-03-28
2025-04-01,ORGANIZATION-001,DEPARTMENT-013,Logistics & Warehouse,Enterprise Operations,51,49,39,37.9,49.7,47.8,12,10,0,2,0,0,0,2,6351696,1270339,9975420,2353385,76.41,23.53,2025-04-28
2025-05-01,ORGANIZATION-001,DEPARTMENT-013,Logistics & Warehouse,Enterprise Operations,51,49,40,38.8,49.7,47.8,11,9,0,4,2,0,1,1,6514560,1302912,9975420,2157948,78.37,21.57,2025-05-28
2025-06-01,ORGANIZATION-001,DEPARTMENT-013,Logistics & Warehouse,Enterprise Operations,51,49,41,39.6,49.7,47.8,10,8,0,3,3,1,0,0,6677424,1335484,9975420,1962512,80.33,19.61,2025-06-28
2025-07-01,ORGANIZATION-001,DEPARTMENT-013,Logistics & Warehouse,Enterprise Operations,51,49,40,38.5,49.7,47.8,11,9,0,4,3,0,2,3,6514560,1302912,9975420,2157948,78.37,21.57,2025-07-28
2025-08-01,ORGANIZATION-001,DEPARTMENT-013,Logistics & Warehouse,Enterprise Operations,51,49,41,39.4,49.7,47.8,10,8,0,6,3,0,2,3,6677424,1335484,9975420,1962512,80.33,19.61,2025-08-28
2025-09-01,ORGANIZATION-001,DEPARTMENT-013,Logistics & Warehouse,Enterprise Operations,51,49,40,38.3,49.7,47.8,11,9,0,3,2,1,3,3,6514560,1302912,9975420,2157948,78.37,21.57,2025-09-28
2025-10-01,ORGANIZATION-001,DEPARTMENT-013,Logistics & Warehouse,Enterprise Operations,51,49,43,41.1,49.7,47.8,8,6,0,5,2,0,0,1,7003152,1400630,9975420,1571638,84.24,15.69,2025-10-28
2025-11-01,ORGANIZATION-001,DEPARTMENT-013,Logistics & Warehouse,Enterprise Operations,51,49,45,43.0,49.7,47.8,6,4,0,2,1,1,0,0,7328880,1465776,9975420,1180764,88.16,11.76,2025-11-28
2025-12-01,ORGANIZATION-001,DEPARTMENT-013,Logistics & Warehouse,Enterprise Operations,51,49,45,43.0,49.7,47.8,6,4,0,3,2,0,1,2,7328880,1465776,9975420,1180764,88.16,11.76,2025-12-28
2026-01-01,ORGANIZATION-001,DEPARTMENT-013,Logistics & Warehouse,Enterprise Operations,53,50,44,42.1,51.7,48.8,9,6,0,1,2,0,0,1,7696831,1539366,10933000,1696803,84.48,16.98,2026-01-28
2026-02-01,ORGANIZATION-001,DEPARTMENT-013,Logistics & Warehouse,Enterprise Operations,53,50,42,40.3,51.7,48.8,11,8,0,1,2,0,1,0,7346975,1469395,10933000,2116630,80.64,20.75,2026-02-28
2026-03-01,ORGANIZATION-001,DEPARTMENT-013,Logistics & Warehouse,Enterprise Operations,53,50,42,40.4,51.7,48.8,11,8,0,1,2,1,0,1,7346975,1469395,10933000,2116630,80.64,20.75,2026-03-28
2026-04-01,ORGANIZATION-001,DEPARTMENT-013,Logistics & Warehouse,Enterprise Operations,53,50,44,42.5,51.7,48.8,9,6,0,4,3,1,0,0,7696831,1539366,10933000,1696803,84.48,16.98,2026-04-28
2026-05-01,ORGANIZATION-001,DEPARTMENT-013,Logistics & Warehouse,Enterprise Operations,53,50,45,43.6,51.7,48.8,8,5,0,4,2,0,1,3,7871759,1574351,10933000,1486890,86.4,15.09,2026-05-28
2026-06-01,ORGANIZATION-001,DEPARTMENT-013,Logistics & Warehouse,Enterprise Operations,53,50,44,42.7,51.7,48.8,9,6,0,1,2,0,0,3,7696831,1539366,10933000,1696803,84.48,16.98,2026-06-28
2026-07-01,ORGANIZATION-001,DEPARTMENT-013,Logistics & Warehouse,Enterprise Operations,53,50,45,43.8,51.7,48.8,8,5,0,4,3,0,0,2,7871759,1574351,10933000,1486890,86.4,15.09,2026-07-28
2026-08-01,ORGANIZATION-001,DEPARTMENT-013,Logistics & Warehouse,Enterprise Operations,53,50,45,43.9,51.7,48.8,8,5,0,3,3,0,0,2,7871759,1574351,10933000,1486890,86.4,15.09,2026-08-01
2024-09-01,ORGANIZATION-001,DEPARTMENT-014,Production & Manufacturing,Industrial Operations,51,49,36,34.7,49.7,47.8,15,13,0,1,1,0,0,0,5403200,1080640,9192944,2709104,70.53,29.41,2024-09-28
2024-10-01,ORGANIZATION-001,DEPARTMENT-014,Production & Manufacturing,Industrial Operations,51,49,34,32.9,49.7,47.8,17,15,0,0,3,1,0,0,5103022,1020604,9192944,3069318,66.61,33.33,2024-10-28
2024-11-01,ORGANIZATION-001,DEPARTMENT-014,Production & Manufacturing,Industrial Operations,51,49,37,35.9,49.7,47.8,14,12,0,5,3,1,0,2,5553288,1110657,9192944,2528999,72.49,27.45,2024-11-28
2024-12-01,ORGANIZATION-001,DEPARTMENT-014,Production & Manufacturing,Industrial Operations,51,49,39,38.0,49.7,47.8,12,10,0,2,0,0,0,0,5853466,1170693,9192944,2168785,76.41,23.53,2024-12-28
2025-01-01,ORGANIZATION-001,DEPARTMENT-014,Production & Manufacturing,Industrial Operations,53,50,38,37.0,51.7,48.8,15,12,0,0,1,0,0,3,6159648,1231929,10131000,2739423,72.96,28.3,2025-01-28
2025-02-01,ORGANIZATION-001,DEPARTMENT-014,Production & Manufacturing,Industrial Operations,53,50,37,36.1,51.7,48.8,16,13,0,2,3,0,0,1,5997551,1199510,10131000,2933939,71.04,30.19,2025-02-28
2025-03-01,ORGANIZATION-001,DEPARTMENT-014,Production & Manufacturing,Industrial Operations,53,50,38,37.0,51.7,48.8,15,12,0,6,3,0,2,2,6159648,1231929,10131000,2739423,72.96,28.3,2025-03-28
2025-04-01,ORGANIZATION-001,DEPARTMENT-014,Production & Manufacturing,Industrial Operations,53,50,38,36.9,51.7,48.8,15,12,0,3,3,0,0,2,6159648,1231929,10131000,2739423,72.96,28.3,2025-04-28
2025-05-01,ORGANIZATION-001,DEPARTMENT-014,Production & Manufacturing,Industrial Operations,53,50,38,36.8,51.7,48.8,15,12,0,2,2,0,0,1,6159648,1231929,10131000,2739423,72.96,28.3,2025-05-28
2025-06-01,ORGANIZATION-001,DEPARTMENT-014,Production & Manufacturing,Industrial Operations,53,50,39,37.7,51.7,48.8,14,11,0,1,0,0,0,2,6321744,1264348,10131000,2544908,74.88,26.42,2025-06-28
2025-07-01,ORGANIZATION-001,DEPARTMENT-014,Production & Manufacturing,Industrial Operations,53,50,39,37.6,51.7,48.8,14,11,0,1,1,0,0,0,6321744,1264348,10131000,2544908,74.88,26.42,2025-07-28
2025-08-01,ORGANIZATION-001,DEPARTMENT-014,Production & Manufacturing,Industrial Operations,53,50,41,39.4,51.7,48.8,12,9,0,4,3,2,1,2,6645936,1329187,10131000,2155877,78.72,22.64,2025-08-28
2025-09-01,ORGANIZATION-001,DEPARTMENT-014,Production & Manufacturing,Industrial Operations,53,50,40,38.3,51.7,48.8,13,10,0,2,2,0,1,2,6483840,1296768,10131000,2350392,76.8,24.53,2025-09-28
2025-10-01,ORGANIZATION-001,DEPARTMENT-014,Production & Manufacturing,Industrial Operations,53,50,42,40.1,51.7,48.8,11,8,0,7,3,0,2,1,6808032,1361606,10131000,1961362,80.64,20.75,2025-10-28
2025-11-01,ORGANIZATION-001,DEPARTMENT-014,Production & Manufacturing,Industrial Operations,53,50,44,42.0,51.7,48.8,9,6,0,4,2,0,0,3,7132223,1426444,10131000,1572333,84.48,16.98,2025-11-28
2025-12-01,ORGANIZATION-001,DEPARTMENT-014,Production & Manufacturing,Industrial Operations,53,50,45,43.0,51.7,48.8,8,5,0,1,0,0,0,0,7294319,1458863,10131000,1377818,86.4,15.09,2025-12-28
2026-01-01,ORGANIZATION-001,DEPARTMENT-014,Production & Manufacturing,Industrial Operations,56,52,43,41.1,54.6,50.7,13,9,0,0,2,0,0,3,7486433,1497286,11316702,2332983,79.38,23.21,2026-01-28
2026-02-01,ORGANIZATION-001,DEPARTMENT-014,Production & Manufacturing,Industrial Operations,56,52,41,39.3,54.6,50.7,15,11,0,0,1,0,1,2,7138227,1427645,11316702,2750830,75.69,26.79,2026-02-28
2026-03-01,ORGANIZATION-001,DEPARTMENT-014,Production & Manufacturing,Industrial Operations,56,52,42,40.4,54.6,50.7,14,10,0,3,0,0,2,3,7312330,1462466,11316702,2541906,77.54,25.0,2026-03-28
2026-04-01,ORGANIZATION-001,DEPARTMENT-014,Production & Manufacturing,Industrial Operations,56,52,43,41.5,54.6,50.7,13,9,0,4,3,0,0,0,7486433,1497286,11316702,2332983,79.38,23.21,2026-04-28
2026-05-01,ORGANIZATION-001,DEPARTMENT-014,Production & Manufacturing,Industrial Operations,56,52,45,43.6,54.6,50.7,11,7,0,5,2,0,1,1,7834639,1566927,11316702,1915136,83.08,19.64,2026-05-28
2026-06-01,ORGANIZATION-001,DEPARTMENT-014,Production & Manufacturing,Industrial Operations,56,52,45,43.7,54.6,50.7,11,7,0,1,0,0,1,3,7834639,1566927,11316702,1915136,83.08,19.64,2026-06-28
2026-07-01,ORGANIZATION-001,DEPARTMENT-014,Production & Manufacturing,Industrial Operations,56,52,45,43.8,54.6,50.7,11,7,0,1,1,0,0,2,7834639,1566927,11316702,1915136,83.08,19.64,2026-07-28
2026-08-01,ORGANIZATION-001,DEPARTMENT-014,Production & Manufacturing,Industrial Operations,56,52,45,43.9,54.6,50.7,11,7,0,1,2,2,1,3,7834639,1566927,11316702,1915136,83.08,19.64,2026-08-01
2024-09-01,ORGANIZATION-001,DEPARTMENT-015,Quality Assurance,Industrial Operations,48,48,39,37.6,46.8,46.8,9,9,0,0,1,1,0,0,6701933,1340386,10310666,2268347,78.0,18.75,2024-09-28
2024-10-01,ORGANIZATION-001,DEPARTMENT-015,Quality Assurance,Industrial Operations,48,48,40,38.7,46.8,46.8,8,8,0,1,0,0,0,3,6873777,1374755,10310666,2062134,80.0,16.67,2024-10-28
2024-11-01,ORGANIZATION-001,DEPARTMENT-015,Quality Assurance,Industrial Operations,48,48,41,39.8,46.8,46.8,7,7,0,4,3,0,0,0,7045622,1409124,10310666,1855920,82.0,14.58,2024-11-28
2024-12-01,ORGANIZATION-001,DEPARTMENT-015,Quality Assurance,Industrial Operations,48,48,44,42.8,46.8,46.8,4,4,0,4,1,0,0,0,7561155,1512231,10310666,1237280,88.0,8.33,2024-12-28
2025-01-01,ORGANIZATION-001,DEPARTMENT-015,Quality Assurance,Industrial Operations,49,48,41,40.0,47.8,46.8,8,7,0,0,3,0,0,1,7609272,1521854,11135520,2004394,82.0,16.33,2025-01-28
2025-02-01,ORGANIZATION-001,DEPARTMENT-015,Quality Assurance,Industrial Operations,49,48,40,39.0,47.8,46.8,9,8,0,2,3,0,0,3,7423680,1484736,11135520,2227104,80.0,18.37,2025-02-28
2025-03-01,ORGANIZATION-001,DEPARTMENT-015,Quality Assurance,Industrial Operations,49,48,40,39.0,47.8,46.8,9,8,0,0,1,1,0,3,7423680,1484736,11135520,2227104,80.0,18.37,2025-03-28
2025-04-01,ORGANIZATION-001,DEPARTMENT-015,Quality Assurance,Industrial Operations,49,48,42,40.8,47.8,46.8,7,6,0,2,0,1,1,0,7794864,1558972,11135520,1781684,84.0,14.29,2025-04-28
2025-05-01,ORGANIZATION-001,DEPARTMENT-015,Quality Assurance,Industrial Operations,49,48,43,41.7,47.8,46.8,6,5,0,3,3,1,0,1,7980456,1596091,11135520,1558973,86.0,12.24,2025-05-28
2025-06-01,ORGANIZATION-001,DEPARTMENT-015,Quality Assurance,Industrial Operations,49,48,42,40.6,47.8,46.8,7,6,0,2,3,1,1,3,7794864,1558972,11135520,1781684,84.0,14.29,2025-06-28
2025-07-01,ORGANIZATION-001,DEPARTMENT-015,Quality Assurance,Industrial Operations,49,48,43,41.4,47.8,46.8,6,5,0,4,3,0,0,1,7980456,1596091,11135520,1558973,86.0,12.24,2025-07-28
2025-08-01,ORGANIZATION-001,DEPARTMENT-015,Quality Assurance,Industrial Operations,49,48,42,40.3,47.8,46.8,7,6,0,0,1,0,0,1,7794864,1558972,11135520,1781684,84.0,14.29,2025-08-28
2025-09-01,ORGANIZATION-001,DEPARTMENT-015,Quality Assurance,Industrial Operations,49,48,43,41.2,47.8,46.8,6,5,0,2,1,0,0,0,7980456,1596091,11135520,1558973,86.0,12.24,2025-09-28
2025-10-01,ORGANIZATION-001,DEPARTMENT-015,Quality Assurance,Industrial Operations,49,48,43,41.1,47.8,46.8,6,5,0,0,0,0,0,1,7980456,1596091,11135520,1558973,86.0,12.24,2025-10-28
2025-11-01,ORGANIZATION-001,DEPARTMENT-015,Quality Assurance,Industrial Operations,49,48,45,43.0,47.8,46.8,4,3,0,6,3,0,1,2,8351640,1670328,11135520,1113552,90.0,8.16,2025-11-28
2025-12-01,ORGANIZATION-001,DEPARTMENT-015,Quality Assurance,Industrial Operations,49,48,45,43.0,47.8,46.8,4,3,0,0,1,2,1,1,8351640,1670328,11135520,1113552,90.0,8.16,2025-12-28
2026-01-01,ORGANIZATION-001,DEPARTMENT-015,Quality Assurance,Industrial Operations,50,49,42,40.2,48.8,47.8,8,7,0,0,4,1,0,1,8372261,1674452,12209547,2162834,82.29,16.0,2026-01-28
2026-02-01,ORGANIZATION-001,DEPARTMENT-015,Quality Assurance,Industrial Operations,50,49,44,42.2,48.8,47.8,6,5,0,4,0,0,2,3,8770940,1754188,12209547,1684419,86.2,12.0,2026-02-28
2026-03-01,ORGANIZATION-001,DEPARTMENT-015,Quality Assurance,Industrial Operations,50,49,43,41.4,48.8,47.8,7,6,0,2,3,0,0,0,8571600,1714320,12209547,1923627,84.24,14.0,2026-03-28
2026-04-01,ORGANIZATION-001,DEPARTMENT-015,Quality Assurance,Industrial Operations,50,49,43,41.5,48.8,47.8,7,6,0,3,3,0,0,1,8571600,1714320,12209547,1923627,84.24,14.0,2026-04-28
2026-05-01,ORGANIZATION-001,DEPARTMENT-015,Quality Assurance,Industrial Operations,50,49,44,42.6,48.8,47.8,6,5,0,0,0,1,0,0,8770940,1754188,12209547,1684419,86.2,12.0,2026-05-28
2026-06-01,ORGANIZATION-001,DEPARTMENT-015,Quality Assurance,Industrial Operations,50,49,44,42.7,48.8,47.8,6,5,0,2,2,0,0,3,8770940,1754188,12209547,1684419,86.2,12.0,2026-06-28
2026-07-01,ORGANIZATION-001,DEPARTMENT-015,Quality Assurance,Industrial Operations,50,49,46,44.8,48.8,47.8,4,3,0,3,3,2,0,0,9169619,1833923,12209547,1206005,90.12,8.0,2026-07-28
2026-08-01,ORGANIZATION-001,DEPARTMENT-015,Quality Assurance,Industrial Operations,50,49,45,43.9,48.8,47.8,5,4,0,0,1,0,0,1,8970280,1794056,12209547,1445211,88.16,10.0,2026-08-01
2024-09-01,ORGANIZATION-001,DEPARTMENT-016,Research & Development,Technology and Innovation,48,48,37,35.7,46.8,46.8,11,11,0,1,1,0,0,0,7540600,1508120,12228000,3179280,74.0,22.92,2024-09-28
2024-10-01,ORGANIZATION-001,DEPARTMENT-016,Research & Development,Technology and Innovation,48,48,37,35.8,46.8,46.8,11,11,0,3,2,0,1,0,7540600,1508120,12228000,3179280,74.0,22.92,2024-10-28
2024-11-01,ORGANIZATION-001,DEPARTMENT-016,Research & Development,Technology and Innovation,48,48,39,37.9,46.8,46.8,9,9,0,4,2,1,1,3,7948200,1589640,12228000,2690160,78.0,18.75,2024-11-28
2024-12-01,ORGANIZATION-001,DEPARTMENT-016,Research & Development,Technology and Innovation,48,48,38,37.0,46.8,46.8,10,10,0,1,2,1,1,2,7744400,1548880,12228000,2934720,76.0,20.83,2024-12-28
2025-01-01,ORGANIZATION-001,DEPARTMENT-016,Research & Development,Technology and Innovation,50,49,38,37.0,48.8,47.8,12,11,0,0,1,1,0,0,8363952,1672790,13481370,3444628,74.45,24.0,2025-01-28
2025-02-01,ORGANIZATION-001,DEPARTMENT-016,Research & Development,Technology and Innovation,50,49,39,38.0,48.8,47.8,11,10,0,2,1,1,1,0,8584056,1716811,13481370,3180503,76.41,22.0,2025-02-28
2025-03-01,ORGANIZATION-001,DEPARTMENT-016,Research & Development,Technology and Innovation,50,49,39,38.0,48.8,47.8,11,10,0,5,3,0,2,1,8584056,1716811,13481370,3180503,76.41,22.0,2025-03-28
2025-04-01,ORGANIZATION-001,DEPARTMENT-016,Research & Development,Technology and Innovation,50,49,39,37.9,48.8,47.8,11,10,0,0,1,1,0,1,8584056,1716811,13481370,3180503,76.41,22.0,2025-04-28
2025-05-01,ORGANIZATION-001,DEPARTMENT-016,Research & Development,Technology and Innovation,50,49,39,37.8,48.8,47.8,11,10,0,0,1,1,0,2,8584056,1716811,13481370,3180503,76.41,22.0,2025-05-28
2025-06-01,ORGANIZATION-001,DEPARTMENT-016,Research & Development,Technology and Innovation,50,49,39,37.7,48.8,47.8,11,10,0,0,0,1,1,2,8584056,1716811,13481370,3180503,76.41,22.0,2025-06-28
2025-07-01,ORGANIZATION-001,DEPARTMENT-016,Research & Development,Technology and Innovation,50,49,40,38.5,48.8,47.8,10,9,0,1,0,0,0,2,8804160,1760832,13481370,2916378,78.37,20.0,2025-07-28
2025-08-01,ORGANIZATION-001,DEPARTMENT-016,Research & Development,Technology and Innovation,50,49,41,39.4,48.8,47.8,9,8,0,2,0,0,1,0,9024264,1804852,13481370,2652254,80.33,18.0,2025-08-28
2025-09-01,ORGANIZATION-001,DEPARTMENT-016,Research & Development,Technology and Innovation,50,49,40,38.3,48.8,47.8,10,9,0,0,1,0,0,0,8804160,1760832,13481370,2916378,78.37,20.0,2025-09-28
2025-10-01,ORGANIZATION-001,DEPARTMENT-016,Research & Development,Technology and Innovation,50,49,42,40.1,48.8,47.8,8,7,0,6,2,0,2,0,9244368,1848873,13481370,2388129,82.29,16.0,2025-10-28
2025-11-01,ORGANIZATION-001,DEPARTMENT-016,Research & Development,Technology and Innovation,50,49,42,40.1,48.8,47.8,8,7,0,0,1,1,0,3,9244368,1848873,13481370,2388129,82.29,16.0,2025-11-28
2025-12-01,ORGANIZATION-001,DEPARTMENT-016,Research & Development,Technology and Innovation,50,49,42,40.1,48.8,47.8,8,7,0,1,1,0,0,1,9244368,1848873,13481370,2388129,82.29,16.0,2025-12-28
2026-01-01,ORGANIZATION-001,DEPARTMENT-016,Research & Development,Technology and Innovation,52,50,42,40.2,50.7,48.8,10,8,0,2,2,0,0,2,9929136,1985827,14775500,2860537,80.64,19.23,2026-01-28
2026-02-01,ORGANIZATION-001,DEPARTMENT-016,Research & Development,Technology and Innovation,52,50,42,40.3,50.7,48.8,10,8,0,2,2,0,0,1,9929136,1985827,14775500,2860537,80.64,19.23,2026-02-28
2026-03-01,ORGANIZATION-001,DEPARTMENT-016,Research & Development,Technology and Innovation,52,50,43,41.4,50.7,48.8,9,7,0,4,2,0,1,0,10165544,2033108,14775500,2576848,82.56,17.31,2026-03-28
2026-04-01,ORGANIZATION-001,DEPARTMENT-016,Research & Development,Technology and Innovation,52,50,44,42.5,50.7,48.8,8,6,0,2,0,0,1,0,10401952,2080390,14775500,2293158,84.48,15.38,2026-04-28
2026-05-01,ORGANIZATION-001,DEPARTMENT-016,Research & Development,Technology and Innovation,52,50,44,42.6,50.7,48.8,8,6,0,4,3,0,1,0,10401952,2080390,14775500,2293158,84.48,15.38,2026-05-28
2026-06-01,ORGANIZATION-001,DEPARTMENT-016,Research & Development,Technology and Innovation,52,50,43,41.8,50.7,48.8,9,7,0,0,1,0,0,3,10165544,2033108,14775500,2576848,82.56,17.31,2026-06-28
2026-07-01,ORGANIZATION-001,DEPARTMENT-016,Research & Development,Technology and Innovation,52,50,45,43.8,50.7,48.8,7,5,0,2,0,0,0,3,10638360,2127672,14775500,2009468,86.4,13.46,2026-07-28
2026-08-01,ORGANIZATION-001,DEPARTMENT-016,Research & Development,Technology and Innovation,52,50,45,43.9,50.7,48.8,7,5,0,0,0,0,0,1,10638360,2127672,14775500,2009468,86.4,13.46,2026-08-01
